site,wt,mut,z
22,L,A,0.18826311826705933
22,L,C,0.18807855248451233
22,L,D,0.18750730156898499
22,L,E,0.1877543032169342
22,L,F,0.18792015314102173
22,L,G,0.18760132789611816
22,L,H,0.18779608607292175
22,L,I,0.18823331594467163
22,L,K,0.1877451241016388
22,L,M,0.1882007122039795
22,L,N,0.18771961331367493
22,L,P,0.18692025542259216
22,L,Q,0.18793830275535583
22,L,R,0.18790969252586365
22,L,S,0.18812310695648193
22,L,T,0.1879725456237793
22,L,V,0.18812626600265503
22,L,W,0.18780779838562012
22,L,Y,0.18795502185821533
26,K,A,0.016869261860847473
26,K,C,0.016737565398216248
26,K,D,0.015355870127677917
26,K,E,0.015914618968963623
26,K,F,0.01637861132621765
26,K,G,0.01563374698162079
26,K,H,0.016029879450798035
26,K,I,0.0168427973985672
26,K,L,0.017047300934791565
26,K,M,0.017000526189804077
26,K,N,0.015753716230392456
26,K,P,0.014253765344619751
26,K,Q,0.016307488083839417
26,K,R,0.015982583165168762
26,K,S,0.016702458262443542
26,K,T,0.016501903533935547
26,K,V,0.016977891325950623
26,K,W,0.015919342637062073
26,K,Y,0.01636996865272522
65,D,A,-0.025524601340293884
65,D,C,-0.025658980011940002
65,D,E,-0.02660199999809265
65,D,F,-0.026050403714179993
65,D,G,-0.026922449469566345
65,D,H,-0.026277154684066772
65,D,I,-0.02537567913532257
65,D,K,-0.026552453637123108
65,D,L,-0.02542245388031006
65,D,M,-0.025418415665626526
65,D,N,-0.02670273184776306
65,D,P,-0.028310582041740417
65,D,Q,-0.026036396622657776
65,D,R,-0.02633608877658844
65,D,S,-0.025749146938323975
65,D,T,-0.026423081755638123
65,D,V,-0.025379672646522522
65,D,W,-0.026442691683769226
65,D,Y,-0.026180565357208252
82,R,A,0.677830696105957
82,R,C,0.6777714490890503
82,R,D,0.6773351430892944
82,R,E,0.6774924993515015
82,R,F,0.6776000261306763
82,R,G,0.6774471998214722
82,R,H,0.677537202835083
82,R,I,0.6778079271316528
82,R,K,0.6774671077728271
82,R,L,0.6777808666229248
82,R,M,0.677810549736023
82,R,N,0.6775468587875366
82,R,P,0.6768916845321655
82,R,Q,0.6776415109634399
82,R,S,0.6777991056442261
82,R,T,0.6775583028793335
82,R,V,0.6777634620666504
82,R,W,0.6774672269821167
82,R,Y,0.6776431798934937
84,E,A,0.6264679431915283
84,E,C,0.6263563632965088
84,E,D,0.6259965896606445
84,E,F,0.6262819766998291
84,E,G,0.6260716915130615
84,E,H,0.6261969804763794
84,E,I,0.6264413595199585
84,E,K,0.6261028051376343
84,E,L,0.6264809370040894
84,E,M,0.6264609098434448
84,E,N,0.626174807548523
84,E,P,0.62543785572052
84,E,Q,0.6263562440872192
84,E,R,0.626301646232605
84,E,S,0.626395583152771
84,E,T,0.6262136697769165
84,E,V,0.62621009349823
84,E,W,0.626103401184082
84,E,Y,0.6262494325637817
85,R,A,-0.4991043210029602
85,R,C,-0.49921900033950806
85,R,D,-0.5000910758972168
85,R,E,-0.49962276220321655
85,R,F,-0.4993543326854706
85,R,G,-0.4997498691082001
85,R,H,-0.49961572885513306
85,R,I,-0.4991317093372345
85,R,K,-0.4996696710586548
85,R,L,-0.4990849196910858
85,R,M,-0.4989362359046936
85,R,N,-0.4999438226222992
85,R,P,-0.5003997683525085
85,R,Q,-0.49938327074050903
85,R,S,-0.49921855330467224
85,R,T,-0.4994335174560547
85,R,V,-0.4987880289554596
85,R,W,-0.4996182322502136
85,R,Y,-0.4994286894798279
88,F,A,-0.1528342366218567
88,F,C,-0.15338635444641113
88,F,D,-0.15519669651985168
88,F,E,-0.15433615446090698
88,F,G,-0.15448097884655
88,F,H,-0.15390698611736298
88,F,I,-0.15313291549682617
88,F,K,-0.1542360931634903
88,F,L,-0.152699276804924
88,F,M,-0.15287476778030396
88,F,N,-0.15454629063606262
88,F,P,-0.15644949674606323
88,F,Q,-0.15348759293556213
88,F,R,-0.15353724360466003
88,F,S,-0.15364998579025269
88,F,T,-0.15367893874645233
88,F,V,-0.15324752032756805
88,F,W,-0.15418961644172668
88,F,Y,-0.1538095921278
89,T,A,-0.15876343846321106
89,T,C,-0.15890514850616455
89,T,D,-0.16016171872615814
89,T,E,-0.15954983234405518
89,T,F,-0.15918439626693726
89,T,G,-0.1596364825963974
89,T,H,-0.15963011980056763
89,T,I,-0.15876613557338715
89,T,K,-0.15957805514335632
89,T,L,-0.15865370631217957
89,T,M,-0.15868327021598816
89,T,N,-0.15979158878326416
89,T,P,-0.16080810129642487
89,T,Q,-0.15921345353126526
89,T,R,-0.15939635038375854
89,T,S,-0.15885327756404877
89,T,V,-0.15842750668525696
89,T,W,-0.15956860780715942
89,T,Y,-0.1591963768005371
117,R,A,0.3480171859264374
117,R,C,0.34784969687461853
117,R,D,0.3470170795917511
117,R,E,0.3474794328212738
117,R,F,0.34778186678886414
117,R,G,0.3474331200122833
117,R,H,0.34758666157722473
117,R,I,0.3480019271373749
117,R,K,0.3474436104297638
117,R,L,0.3480546772480011
117,R,M,0.3481352627277374
117,R,N,0.34727635979652405
117,R,P,0.34633466601371765
117,R,Q,0.34784653782844543
117,R,S,0.34789296984672546
117,R,T,0.34765347838401794
117,R,V,0.348042756319046
117,R,W,0.3474486172199249
117,R,Y,0.3476236164569855
120,Q,A,0.6158076524734497
120,Q,C,0.6156835556030273
120,Q,D,0.6151773929595947
120,Q,E,0.6153699159622192
120,Q,F,0.6155176162719727
120,Q,G,0.6153372526168823
120,Q,H,0.6155350208282471
120,Q,I,0.6157118082046509
120,Q,K,0.6153641939163208
120,Q,L,0.6157265901565552
120,Q,M,0.6157658100128174
120,Q,N,0.6154382228851318
120,Q,P,0.6146438121795654
120,Q,R,0.6155271530151367
120,Q,S,0.6157248020172119
120,Q,T,0.615512490272522
120,Q,V,0.6156107187271118
120,Q,W,0.6153936386108398
120,Q,Y,0.6155743598937988
124,T,A,0.5775587558746338
124,T,C,0.5774919986724854
124,T,D,0.5769771337509155
124,T,E,0.5771690607070923
124,T,F,0.5773172378540039
124,T,G,0.5771374702453613
124,T,H,0.5772993564605713
124,T,I,0.5775456428527832
124,T,K,0.5771609544754028
124,T,L,0.5775552988052368
124,T,M,0.5775212049484253
124,T,N,0.577245831489563
124,T,P,0.5764187574386597
124,T,Q,0.5773839950561523
124,T,R,0.5773066282272339
124,T,S,0.5775467157363892
124,T,V,0.577483057975769
124,T,W,0.577156662940979
124,T,Y,0.5773426294326782
127,N,A,0.1433890461921692
127,N,C,0.14322185516357422
127,N,D,0.142117440700531
127,N,E,0.14247429370880127
127,N,F,0.14289763569831848
127,N,G,0.14205658435821533
127,N,H,0.14241427183151245
127,N,I,0.1434265375137329
127,N,K,0.1424955129623413
127,N,L,0.14341595768928528
127,N,M,0.14334693551063538
127,N,P,0.14121565222740173
127,N,Q,0.1427864134311676
127,N,R,0.14256569743156433
127,N,S,0.1432252824306488
127,N,T,0.14279872179031372
127,N,V,0.14344587922096252
127,N,W,0.14261910319328308
127,N,Y,0.14288023114204407
128,V,A,0.37258997559547424
128,V,C,0.37255391478538513
128,V,D,0.37205687165260315
128,V,E,0.3723061978816986
128,V,F,0.37242022156715393
128,V,G,0.37228497862815857
128,V,H,0.3724563419818878
128,V,I,0.37259551882743835
128,V,K,0.37230560183525085
128,V,L,0.3726087510585785
128,V,M,0.37260910868644714
128,V,N,0.37226757407188416
128,V,P,0.37176188826560974
128,V,Q,0.37250861525535583
128,V,R,0.37247684597969055
128,V,S,0.37253156304359436
128,V,T,0.37247756123542786
128,V,W,0.37235894799232483
128,V,Y,0.37244346737861633
131,A,C,0.2998918890953064
131,A,D,0.2990686595439911
131,A,E,0.2994864583015442
131,A,F,0.2997535467147827
131,A,G,0.29929324984550476
131,A,H,0.2996579706668854
131,A,I,0.2999897301197052
131,A,K,0.2994614541530609
131,A,L,0.3000691533088684
131,A,M,0.2999730706214905
131,A,N,0.29937174916267395
131,A,P,0.29874593019485474
131,A,Q,0.29975032806396484
131,A,R,0.2996492385864258
131,A,S,0.2999078631401062
131,A,T,0.29965734481811523
131,A,V,0.3001188039779663
131,A,W,0.2996041476726532
131,A,Y,0.29969578981399536
135,M,A,-0.44632530212402344
135,M,C,-0.44667524099349976
135,M,D,-0.44835302233695984
135,M,E,-0.44754400849342346
135,M,F,-0.44684892892837524
135,M,G,-0.4477064609527588
135,M,H,-0.44724199175834656
135,M,I,-0.44636017084121704
135,M,K,-0.4474005401134491
135,M,L,-0.4460938274860382
135,M,N,-0.4479737877845764
135,M,P,-0.4490874707698822
135,M,Q,-0.4469301104545593
135,M,R,-0.4470839500427246
135,M,S,-0.4467117190361023
135,M,T,-0.44698983430862427
135,M,V,-0.445941299200058
135,M,W,-0.44729602336883545
135,M,Y,-0.4470042288303375
163,V,A,-0.4895467758178711
163,V,C,-0.4896508455276489
163,V,D,-0.4902704656124115
163,V,E,-0.4899888336658478
163,V,F,-0.4897792339324951
163,V,G,-0.4900720715522766
163,V,H,-0.48985761404037476
163,V,I,-0.4895654618740082
163,V,K,-0.48994192481040955
163,V,L,-0.48950326442718506
163,V,M,-0.4895405173301697
163,V,N,-0.49010494351387024
163,V,P,-0.4905376136302948
163,V,Q,-0.4898400902748108
163,V,R,-0.4898691773414612
163,V,S,-0.48980221152305603
163,V,T,-0.4897565543651581
163,V,W,-0.48990580439567566
163,V,Y,-0.48976650834083557
164,S,A,-0.29657039046287537
164,S,C,-0.29684507846832275
164,S,D,-0.2989320456981659
164,S,E,-0.2978518605232239
164,S,F,-0.2972010374069214
164,S,G,-0.2982349395751953
164,S,H,-0.29807886481285095
164,S,I,-0.2963498830795288
164,S,K,-0.2980040907859802
164,S,L,-0.2964351773262024
164,S,M,-0.29644930362701416
164,S,N,-0.2982465922832489
164,S,P,-0.30002903938293457
164,S,Q,-0.29734402894973755
164,S,R,-0.2977259159088135
164,S,T,-0.2973758280277252
164,S,V,-0.2959151268005371
164,S,W,-0.29778632521629333
164,S,Y,-0.29726582765579224
165,A,C,-0.04205325245857239
165,A,D,-0.04339328408241272
165,A,E,-0.04275377094745636
165,A,F,-0.04223150014877319
165,A,G,-0.04294770956039429
165,A,H,-0.04253414273262024
165,A,I,-0.041881710290908813
165,A,K,-0.04281267523765564
165,A,L,-0.041735321283340454
165,A,M,-0.04176962375640869
165,A,N,-0.04306650161743164
165,A,P,-0.04416799545288086
165,A,Q,-0.04234890639781952
165,A,R,-0.042582541704177856
165,A,S,-0.04210770130157471
165,A,T,-0.04239484667778015
165,A,V,-0.04153558611869812
165,A,W,-0.04272074997425079
165,A,Y,-0.0423516184091568
166,S,A,0.26932045817375183
166,S,C,0.2692553997039795
166,S,D,0.2687123119831085
166,S,E,0.2689714729785919
166,S,F,0.26913854479789734
166,S,G,0.26889196038246155
166,S,H,0.2689811885356903
166,S,I,0.26930898427963257
166,S,K,0.26897019147872925
166,S,L,0.26926904916763306
166,S,M,0.26929157972335815
166,S,N,0.2689329981803894
166,S,P,0.2684352695941925
166,S,Q,0.26913830637931824
166,S,R,0.26905393600463867
166,S,T,0.26910120248794556
166,S,V,0.26947084069252014
166,S,W,0.26904481649398804
166,S,Y,0.2691507339477539
167,S,A,-0.014741063117980957
167,S,C,-0.014968067407608032
167,S,D,-0.01589404046535492
167,S,E,-0.015476256608963013
167,S,F,-0.015156209468841553
167,S,G,-0.01561647653579712
167,S,H,-0.01540309190750122
167,S,I,-0.014826908707618713
167,S,K,-0.015431523323059082
167,S,L,-0.014702275395393372
167,S,M,-0.014848113059997559
167,S,N,-0.015548810362815857
167,S,P,-0.016592741012573242
167,S,Q,-0.015134811401367188
167,S,R,-0.015397042036056519
167,S,T,-0.015100419521331787
167,S,V,-0.01467062532901764
167,S,W,-0.015391498804092407
167,S,Y,-0.015146106481552124
168,A,C,-0.7006806135177612
168,A,D,-0.7012580633163452
168,A,E,-0.7010105848312378
168,A,F,-0.7007263898849487
168,A,G,-0.7010619640350342
168,A,H,-0.7009227275848389
168,A,I,-0.7005735635757446
168,A,K,-0.7009429931640625
168,A,L,-0.7005283832550049
168,A,M,-0.7005908489227295
168,A,N,-0.7011303901672363
168,A,P,-0.7014644145965576
168,A,Q,-0.7008311748504639
168,A,R,-0.7009601593017578
168,A,S,-0.700790286064148
168,A,T,-0.7008277177810669
168,A,V,-0.7004287242889404
168,A,W,-0.7008993625640869
168,A,Y,-0.700782060623169
169,L,A,-0.26458051800727844
169,L,C,-0.2646734118461609
169,L,D,-0.2654430866241455
169,L,E,-0.2650998532772064
169,L,F,-0.264828085899353
169,L,G,-0.2652752995491028
169,L,H,-0.26505792140960693
169,L,I,-0.26453065872192383
169,L,K,-0.26509520411491394
169,L,M,-0.2645333409309387
169,L,N,-0.26526904106140137
169,L,P,-0.26578426361083984
169,L,Q,-0.26489418745040894
169,L,R,-0.2650224566459656
169,L,S,-0.26474422216415405
169,L,T,-0.2649032175540924
169,L,V,-0.2643715739250183
169,L,W,-0.2650388479232788
169,L,Y,-0.26485687494277954
170,Y,A,0.3574308454990387
170,Y,C,0.3572504222393036
170,Y,D,0.3564346134662628
170,Y,E,0.35683104395866394
170,Y,F,0.3570910394191742
170,Y,G,0.3568386137485504
170,Y,H,0.3569805324077606
170,Y,I,0.35749271512031555
170,Y,K,0.3567981421947479
170,Y,L,0.3575093448162079
170,Y,M,0.35745927691459656
170,Y,N,0.35669997334480286
170,Y,P,0.3559153974056244
170,Y,Q,0.3571288287639618
170,Y,R,0.3571719229221344
170,Y,S,0.3573857247829437
170,Y,T,0.35698291659355164
170,Y,V,0.3574471175670624
170,Y,W,0.3569425046443939
171,A,C,0.2097874879837036
171,A,D,0.20818576216697693
171,A,E,0.20892831683158875
171,A,F,0.20948442816734314
171,A,G,0.2087479531764984
171,A,H,0.2091616690158844
171,A,I,0.2100311815738678
171,A,K,0.2089352309703827
171,A,L,0.21011337637901306
171,A,M,0.20994895696640015
171,A,N,0.2086881697177887
171,A,P,0.2072531282901764
171,A,Q,0.20947447419166565
171,A,R,0.2091127336025238
171,A,S,0.20964500308036804
171,A,T,0.20943787693977356
171,A,V,0.21032598614692688
171,A,W,0.20904943346977234
171,A,Y,0.20945259928703308
173,A,C,0.6497718095779419
173,A,D,0.6491996049880981
173,A,E,0.6494796276092529
173,A,F,0.6496387720108032
173,A,G,0.6494288444519043
173,A,H,0.6495599746704102
173,A,I,0.6498175859451294
173,A,K,0.6495293378829956
173,A,L,0.6498733758926392
173,A,M,0.6498761177062988
173,A,N,0.6493232250213623
173,A,P,0.6488308906555176
173,A,Q,0.6496672630310059
173,A,R,0.6495606899261475
173,A,S,0.6497352123260498
173,A,T,0.6496918201446533
173,A,V,0.650010347366333
173,A,W,0.6495115756988525
173,A,Y,0.6496713161468506
174,E,A,0.4059887230396271
174,E,C,0.40588900446891785
174,E,D,0.40521904826164246
174,E,F,0.40565726161003113
174,E,G,0.40531155467033386
174,E,H,0.4054320156574249
174,E,I,0.4059382379055023
174,E,K,0.40536823868751526
174,E,L,0.40604475140571594
174,E,M,0.40596482157707214
174,E,N,0.405438095331192
174,E,P,0.4046840965747833
174,E,Q,0.40566274523735046
174,E,R,0.4056253135204315
174,E,S,0.4060370624065399
174,E,T,0.4056178629398346
174,E,V,0.40601906180381775
174,E,W,0.40553852915763855
174,E,Y,0.4056573212146759
184,V,A,-0.5899801254272461
184,V,C,-0.5900142192840576
184,V,D,-0.5903977155685425
184,V,E,-0.5902806520462036
184,V,F,-0.5901296138763428
184,V,G,-0.5904096961021423
184,V,H,-0.5902697443962097
184,V,I,-0.5899936556816101
184,V,K,-0.590275228023529
184,V,L,-0.5899219512939453
184,V,M,-0.5899996161460876
184,V,N,-0.5903000831604004
184,V,P,-0.5906507968902588
184,V,Q,-0.5901492834091187
184,V,R,-0.5903010368347168
184,V,S,-0.5900936126708984
184,V,T,-0.5901350975036621
184,V,W,-0.5902086496353149
184,V,Y,-0.590134859085083
185,C,A,-0.8424797058105469
185,C,D,-0.8431942462921143
185,C,E,-0.8429387807846069
185,C,F,-0.8427062034606934
185,C,G,-0.8429902791976929
185,C,H,-0.8429006338119507
185,C,I,-0.8425030708312988
185,C,K,-0.8429098129272461
185,C,L,-0.8423924446105957
185,C,M,-0.8425066471099854
185,C,N,-0.8429732322692871
185,C,P,-0.8435426950454712
185,C,Q,-0.8427358865737915
185,C,R,-0.8428806066513062
185,C,S,-0.8427261114120483
185,C,T,-0.8427456617355347
185,C,V,-0.842416524887085
185,C,W,-0.8428852558135986
185,C,Y,-0.8427265882492065
186,A,C,0.05017136037349701
186,A,D,0.0484766960144043
186,A,E,0.049174174666404724
186,A,F,0.049825578927993774
186,A,G,0.04873096942901611
186,A,H,0.048934489488601685
186,A,I,0.05052207410335541
186,A,K,0.04913772642612457
186,A,L,0.05040043592453003
186,A,M,0.05049125850200653
186,A,N,0.04889842867851257
186,A,P,0.04757651686668396
186,A,Q,0.04959504306316376
186,A,R,0.049233436584472656
186,A,S,0.05020171403884888
186,A,T,0.049657464027404785
186,A,V,0.05105191469192505
186,A,W,0.04939711093902588
186,A,Y,0.049721091985702515
187,V,A,0.03400428593158722
187,V,C,0.03395456075668335
187,V,D,0.03300692141056061
187,V,E,0.033421456813812256
187,V,F,0.03369860351085663
187,V,G,0.03327317535877228
187,V,H,0.03353840112686157
187,V,I,0.03407013416290283
187,V,K,0.03336264193058014
187,V,L,0.034091517329216
187,V,M,0.0340002179145813
187,V,N,0.0333205908536911
187,V,P,0.032477617263793945
187,V,Q,0.03373274207115173
187,V,R,0.03355276584625244
187,V,S,0.033825501799583435
187,V,T,0.033761948347091675
187,V,W,0.033482834696769714
187,V,Y,0.033695340156555176
207,R,A,0.1582808792591095
207,R,C,0.15817850828170776
207,R,D,0.15745550394058228
207,R,E,0.15780121088027954
207,R,F,0.15805843472480774
207,R,G,0.15766769647598267
207,R,H,0.15776053071022034
207,R,I,0.15838408470153809
207,R,K,0.157701313495636
207,R,L,0.15825554728507996
207,R,M,0.15832963585853577
207,R,N,0.1577816903591156
207,R,P,0.15695422887802124
207,R,Q,0.15806448459625244
207,R,S,0.1584101915359497
207,R,T,0.1579909324645996
207,R,V,0.15838822722434998
207,R,W,0.15788084268569946
207,R,Y,0.15800845623016357
208,A,C,0.09237891435623169
208,A,D,0.09124818444252014
208,A,E,0.09180137515068054
208,A,F,0.09211549162864685
208,A,G,0.09161600470542908
208,A,H,0.0918940007686615
208,A,I,0.09265372157096863
208,A,K,0.09174534678459167
208,A,L,0.09254461526870728
208,A,M,0.09262487292289734
208,A,N,0.09162774682044983
208,A,P,0.09061893820762634
208,A,Q,0.09216174483299255
208,A,R,0.09192070364952087
208,A,S,0.09241315722465515
208,A,T,0.092072993516922
208,A,V,0.09273421764373779
208,A,W,0.09187006950378418
208,A,Y,0.09209638833999634
209,S,A,-0.5734110474586487
209,S,C,-0.573448896408081
209,S,D,-0.5736795663833618
209,S,E,-0.5735865831375122
209,S,F,-0.5735208988189697
209,S,G,-0.5736852884292603
209,S,H,-0.5736304521560669
209,S,I,-0.5733054280281067
209,S,K,-0.5735949873924255
209,S,L,-0.5733717679977417
209,S,M,-0.5733811855316162
209,S,N,-0.5735909938812256
209,S,P,-0.5738010406494141
209,S,Q,-0.5735225677490234
209,S,R,-0.5736287832260132
209,S,T,-0.5735231637954712
209,S,V,-0.5733509063720703
209,S,W,-0.573565661907196
209,S,Y,-0.5735335350036621
210,A,C,0.09170699119567871
210,A,D,0.09017243981361389
210,A,E,0.09093919396400452
210,A,F,0.09142079949378967
210,A,G,0.09069427847862244
210,A,H,0.09118178486824036
210,A,I,0.0918416678905487
210,A,K,0.09094199538230896
210,A,L,0.09196433424949646
210,A,M,0.09190341830253601
210,A,N,0.09054413437843323
210,A,P,0.08944320678710938
210,A,Q,0.09134051203727722
210,A,R,0.09099277853965759
210,A,S,0.09154289960861206
210,A,T,0.0915258526802063
210,A,V,0.09233903884887695
210,A,W,0.09100958704948425
210,A,Y,0.0914282500743866
211,G,A,-0.3940129578113556
211,G,C,-0.394159734249115
211,G,D,-0.3950067162513733
211,G,E,-0.39463287591934204
211,G,F,-0.3943181037902832
211,G,H,-0.39470309019088745
211,G,I,-0.39397627115249634
211,G,K,-0.39469385147094727
211,G,L,-0.39395028352737427
211,G,M,-0.39402681589126587
211,G,N,-0.3946346044540405
211,G,P,-0.3955366313457489
211,G,Q,-0.3943648934364319
211,G,R,-0.3945819139480591
211,G,S,-0.3940751552581787
211,G,T,-0.39434659481048584
211,G,V,-0.39393240213394165
211,G,W,-0.39455097913742065
211,G,Y,-0.3943515121936798
216,K,A,0.9163738489151001
216,K,C,0.9163476228713989
216,K,D,0.9160017967224121
216,K,E,0.916122555732727
216,K,F,0.9162039756774902
216,K,G,0.9160473346710205
216,K,H,0.9159835577011108
216,K,I,0.9163501262664795
216,K,L,0.9163470268249512
216,K,M,0.9163771867752075
216,K,N,0.9160575866699219
216,K,P,0.9156067371368408
216,K,Q,0.9162294864654541
216,K,R,0.9161864519119263
216,K,S,0.9164834022521973
216,K,T,0.9162312746047974
216,K,V,0.9164435863494873
216,K,W,0.916109561920166
216,K,Y,0.9162408113479614
217,Y,A,0.0963049829006195
217,Y,C,0.0960758626461029
217,Y,D,0.09503099322319031
217,Y,E,0.09537962079048157
217,Y,F,0.09581038355827332
217,Y,G,0.09501799941062927
217,Y,H,0.0954599678516388
217,Y,I,0.09614750742912292
217,Y,K,0.0953533947467804
217,Y,L,0.09624597430229187
217,Y,M,0.09620943665504456
217,Y,N,0.09541285037994385
217,Y,P,0.09408619999885559
217,Y,Q,0.09577828645706177
217,Y,R,0.09545913338661194
217,Y,S,0.09607580304145813
217,Y,T,0.09581264853477478
217,Y,V,0.09618270397186279
217,Y,W,0.09552425146102905
218,S,A,0.6793156862258911
218,S,C,0.679305911064148
218,S,D,0.6788506507873535
218,S,E,0.678949236869812
218,S,F,0.679106593132019
218,S,G,0.6788885593414307
218,S,H,0.6788969039916992
218,S,I,0.6792422533035278
218,S,K,0.6789209842681885
218,S,L,0.679224967956543
218,S,M,0.6792649030685425
218,S,N,0.6790577173233032
218,S,P,0.6783695220947266
218,S,Q,0.6791359186172485
218,S,R,0.6790320873260498
218,S,T,0.6791115999221802
218,S,V,0.6792877912521362
218,S,W,0.6790229082107544
218,S,Y,0.6791319847106934
219,L,A,-0.2246793657541275
219,L,C,-0.22490882873535156
219,L,D,-0.2262304276227951
219,L,E,-0.22566059231758118
219,L,F,-0.2251555174589157
219,L,G,-0.22574612498283386
219,L,H,-0.22544005513191223
219,L,I,-0.22463741898536682
219,L,K,-0.22555533051490784
219,L,M,-0.22460006177425385
219,L,N,-0.2258477807044983
219,L,P,-0.22713899612426758
219,L,Q,-0.22521817684173584
219,L,R,-0.22553592920303345
219,L,S,-0.22491687536239624
219,L,T,-0.22518208622932434
219,L,V,-0.22440853714942932
219,L,W,-0.225556880235672
219,L,Y,-0.22518348693847656
220,R,A,0.5617785453796387
220,R,C,0.56163489818573
220,R,D,0.5608028173446655
220,R,E,0.5611692667007446
220,R,F,0.5614840984344482
220,R,G,0.560991644859314
220,R,H,0.5611730813980103
220,R,I,0.5617599487304688
220,R,K,0.561153769493103
220,R,L,0.5617787837982178
220,R,M,0.5618529319763184
220,R,N,0.5610213279724121
220,R,P,0.5602580308914185
220,R,Q,0.5614423751831055
220,R,S,0.5617265701293945
220,R,T,0.5614367723464966
220,R,V,0.5619412660598755
220,R,W,0.5612473487854004
220,R,Y,0.5614259243011475
223,T,A,0.3737126886844635
223,T,C,0.37346431612968445
223,T,D,0.37284353375434875
223,T,E,0.3730137050151825
223,T,F,0.3732335865497589
223,T,G,0.372853547334671
223,T,H,0.3732225000858307
223,T,I,0.3735770285129547
223,T,K,0.37305280566215515
223,T,L,0.37360110878944397
223,T,M,0.37365224957466125
223,T,N,0.373109370470047
223,T,P,0.37201574444770813
223,T,Q,0.37335285544395447
223,T,R,0.3731859624385834
223,T,S,0.3733879029750824
223,T,V,0.37346479296684265
223,T,W,0.37310728430747986
223,T,Y,0.373348206281662
249,F,A,-0.6013984084129333
249,F,C,-0.6015149354934692
249,F,D,-0.6022597551345825
249,F,E,-0.6019198894500732
249,F,G,-0.6022195816040039
249,F,H,-0.6019514799118042
249,F,I,-0.6014407873153687
249,F,K,-0.6020063161849976
249,F,L,-0.6013933420181274
249,F,M,-0.6013188362121582
249,F,N,-0.6021533012390137
249,F,P,-0.6026608943939209
249,F,Q,-0.6017752289772034
249,F,R,-0.6019300222396851
249,F,S,-0.6014648675918579
249,F,T,-0.601693868637085
249,F,V,-0.6011712551116943
249,F,W,-0.6019160151481628
249,F,Y,-0.6017176508903503
250,R,A,0.617896556854248
250,R,C,0.6176474094390869
250,R,D,0.6169213056564331
250,R,E,0.6172499656677246
250,R,F,0.6175131797790527
250,R,G,0.6170862913131714
250,R,H,0.6172881126403809
250,R,I,0.6178508996963501
250,R,K,0.6172047853469849
250,R,L,0.6178568601608276
250,R,M,0.6178767681121826
250,R,N,0.6172040700912476
250,R,P,0.6162750720977783
250,R,Q,0.6175447702407837
250,R,S,0.6177880764007568
250,R,T,0.6174578666687012
250,R,V,0.6177588701248169
250,R,W,0.6172645092010498
250,R,Y,0.6174243688583374
251,S,A,0.4280131161212921
251,S,C,0.4278741776943207
251,S,D,0.4274718463420868
251,S,E,0.4276662766933441
251,S,F,0.4277898967266083
251,S,G,0.42760810256004333
251,S,H,0.4276529848575592
251,S,I,0.4279499351978302
251,S,K,0.42758384346961975
251,S,L,0.42790618538856506
251,S,M,0.42798683047294617
251,S,N,0.42761746048927307
251,S,P,0.42702606320381165
251,S,Q,0.4277787506580353
251,S,R,0.42769792675971985
251,S,T,0.4278043806552887
251,S,V,0.4279610216617584
251,S,W,0.4276362955570221
251,S,Y,0.4277680218219757
252,G,A,0.1250254511833191
252,G,C,0.12482228875160217
252,G,D,0.12420180439949036
252,G,E,0.12442469596862793
252,G,F,0.12461656332015991
252,G,H,0.1242780089378357
252,G,I,0.12486591935157776
252,G,K,0.12433654069900513
252,G,L,0.12487974762916565
252,G,M,0.12503200769424438
252,G,N,0.12434405088424683
252,G,P,0.12338298559188843
252,G,Q,0.12464022636413574
252,G,R,0.12448987364768982
252,G,S,0.12494897842407227
252,G,T,0.1246589720249176
252,G,V,0.12487649917602539
252,G,W,0.12434262037277222
252,G,Y,0.12460032105445862
253,R,A,0.22787299752235413
253,R,C,0.22756248712539673
253,R,D,0.22678309679031372
253,R,E,0.22712215781211853
253,R,F,0.22734662890434265
253,R,G,0.22710424661636353
253,R,H,0.22717344760894775
253,R,I,0.22767981886863708
253,R,K,0.22710391879081726
253,R,L,0.2276429831981659
253,R,M,0.22775983810424805
253,R,N,0.22693973779678345
253,R,P,0.2259497344493866
253,R,Q,0.22738751769065857
253,R,S,0.2274988293647766
253,R,T,0.2273751199245453
253,R,V,0.22783935070037842
253,R,W,0.22713500261306763
253,R,Y,0.22737249732017517
254,R,A,0.2708815932273865
254,R,C,0.27074354887008667
254,R,D,0.27020493149757385
254,R,E,0.2703971266746521
254,R,F,0.2705729603767395
254,R,G,0.270218163728714
254,R,H,0.2702251076698303
254,R,I,0.27081039547920227
254,R,K,0.27030423283576965
254,R,L,0.2707759141921997
254,R,M,0.27085673809051514
254,R,N,0.2703956365585327
254,R,P,0.269563227891922
254,R,Q,0.2705775797367096
254,R,S,0.2709130346775055
254,R,T,0.27054542303085327
254,R,V,0.2707711160182953
254,R,W,0.270371675491333
254,R,Y,0.2705362141132355
255,M,A,0.16977596282958984
255,M,C,0.16964289546012878
255,M,D,0.16882261633872986
255,M,E,0.1692078709602356
255,M,F,0.16943147778511047
255,M,G,0.16904887557029724
255,M,H,0.16921165585517883
255,M,I,0.16972482204437256
255,M,K,0.16921278834342957
255,M,L,0.16979554295539856
255,M,N,0.16907256841659546
255,M,P,0.16811919212341309
255,M,Q,0.1694316267967224
255,M,R,0.16928330063819885
255,M,S,0.1697051227092743
255,M,T,0.1694585382938385
255,M,V,0.16991740465164185
255,M,W,0.16916829347610474
255,M,Y,0.16939976811408997
256,P,A,0.47699567675590515
256,P,C,0.47687795758247375
256,P,D,0.47643569111824036
256,P,E,0.4765914976596832
256,P,F,0.4767085611820221
256,P,G,0.4764220416545868
256,P,H,0.4765686094760895
256,P,I,0.47689077258110046
256,P,K,0.47656700015068054
256,P,L,0.4768831431865692
256,P,M,0.47695645689964294
256,P,N,0.4765886962413788
256,P,Q,0.4767780005931854
256,P,R,0.47663000226020813
256,P,S,0.4769779145717621
256,P,T,0.47670111060142517
256,P,V,0.4768988788127899
256,P,W,0.4765714108943939
256,P,Y,0.47670283913612366
264,E,A,0.2498932182788849
264,E,C,0.24963650107383728
264,E,D,0.2490481734275818
264,E,F,0.24944135546684265
264,E,G,0.24895668029785156
264,E,H,0.24921810626983643
264,E,I,0.24978724122047424
264,E,K,0.2491769790649414
264,E,L,0.24981805682182312
264,E,M,0.24983790516853333
264,E,N,0.24928495287895203
264,E,P,0.24827715754508972
264,E,Q,0.24945467710494995
264,E,R,0.24938812851905823
264,E,S,0.2497653365135193
264,E,T,0.24931427836418152
264,E,V,0.24954268336296082
264,E,W,0.2492624819278717
264,E,Y,0.2494114339351654
265,R,A,0.6218181848526001
265,R,C,0.6216737031936646
265,R,D,0.6213003396987915
265,R,E,0.6214163303375244
265,R,F,0.6215522289276123
265,R,G,0.6213294267654419
265,R,H,0.6215347051620483
265,R,I,0.6217732429504395
265,R,K,0.6213908195495605
265,R,L,0.6217577457427979
265,R,M,0.6218423843383789
265,R,N,0.621402382850647
265,R,P,0.6207867860794067
265,R,Q,0.6215883493423462
265,R,S,0.6217144727706909
265,R,T,0.6215498447418213
265,R,V,0.6217212677001953
265,R,W,0.6214519739151001
265,R,Y,0.6215848922729492
266,Q,A,0.39945515990257263
266,Q,C,0.3993625342845917
266,Q,D,0.39931270480155945
266,Q,E,0.39926621317863464
266,Q,F,0.3991939127445221
266,Q,G,0.39920100569725037
266,Q,H,0.39926859736442566
266,Q,I,0.39936307072639465
266,Q,K,0.399149090051651
266,Q,L,0.39937517046928406
266,Q,M,0.3993940055370331
266,Q,N,0.3993784487247467
266,Q,P,0.39890918135643005
266,Q,R,0.39925095438957214
266,Q,S,0.399493545293808
266,Q,T,0.39928171038627625
266,Q,V,0.3992713987827301
266,Q,W,0.39922258257865906
266,Q,Y,0.3993017375469208
267,R,A,0.25912994146347046
267,R,C,0.259013831615448
267,R,D,0.25777891278266907
267,R,E,0.25817984342575073
267,R,F,0.2586798667907715
267,R,G,0.2579144537448883
267,R,H,0.25813767313957214
267,R,I,0.259138822555542
267,R,K,0.2582700550556183
267,R,L,0.2590845227241516
267,R,M,0.25922054052352905
267,R,N,0.25797709822654724
267,R,P,0.2568935751914978
267,R,Q,0.2586596608161926
267,R,S,0.2591855823993683
267,R,T,0.25864872336387634
267,R,V,0.2595139443874359
267,R,W,0.2583126723766327
267,R,Y,0.25854650139808655
