rh66,m255,y217,r253mut,anchor_state,n_mut,n_out53,lock_mut,anchor_mut,cat_mut,charge_anchor,charge_total,z,system,condition,cond,nt10,nt17,nt23,source,y_act,y_dual,y_dcat,y_d17,y_d23,y_iface,y_ntcov
F,A,Y,R,G_K_R,18,15,1,2,0,-1.0,-2.5,-0.8876928091049194,F88F_M255A_Y217Y,OFF_T_G17,OFF_T_G17,T,C,G,deconf,0.25,0.0,7.3975,17.1475,29.01125,28.125,12.5
F,A,Y,R,G_K_R,18,15,1,2,0,-1.0,-2.5,-0.8876928091049194,F88F_M255A_Y217Y,S1_G17,S1_G17,G,G,T,deconf,0.375,0.25,5.10125,13.805,15.34875,38.875,12.75
F,I,Y,R,G_K_R,18,15,1,2,0,-1.0,-2.5,-0.8876928091049194,F88F_M255I_Y217Y,OFF_T_G17,OFF_T_G17,T,C,G,deconf,0.25,0.0,8.116249999999999,18.12875,41.76625,25.125,11.5
F,I,Y,R,G_K_R,18,15,1,2,0,-1.0,-2.5,-0.8876928091049194,F88F_M255I_Y217Y,S1_G17,S1_G17,G,G,T,deconf,0.5,0.125,4.41625,13.842500000000001,18.21375,36.25,13.0
F,K,Y,R,G_K_R,18,15,1,2,0,-1.0,-1.5,-0.8876928091049194,F88F_M255K_Y217Y,OFF_T_G17,OFF_T_G17,T,C,G,deconf,0.25,0.0,5.3625,15.596250000000001,31.54625,42.25,17.125
F,K,Y,R,G_K_R,18,15,1,2,0,-1.0,-1.5,-0.8876928091049194,F88F_M255K_Y217Y,S1_G17,S1_G17,G,G,T,deconf,0.75,0.125,3.9475,13.66,19.24375,37.75,14.875
F,M,Y,R,G_K_R,17,15,0,2,0,-1.0,-2.5,-0.8876928091049194,F88F_M255M_Y217Y,OFF_T_G17,OFF_T_G17,T,C,G,deconf,0.625,0.0,4.6025,15.165,27.07,42.375,17.25
F,M,Y,R,G_K_R,17,15,0,2,0,-1.0,-2.5,-0.8876928091049194,F88F_M255M_Y217Y,S1_G17,S1_G17,G,G,T,deconf,0.375,0.25,4.71,14.0175,13.525,41.125,14.5
W,I,Y,R,G_K_R,19,15,1,2,0,-1.0,-2.5,-0.882717490196228,F88W_M255I_Y217Y,S1_G17,S1_G17,G,G,T,deconf,0.375,0.25,5.37125,14.52375,16.335,43.25,16.0
W,I,Y,R,G_K_R,19,15,1,2,0,-1.0,-2.5,-0.882717490196228,F88W_M255I_Y217Y,OFF_T_G17,OFF_T_G17,T,C,G,deconf,0.125,0.0,5.96875,16.92,33.808749999999996,30.625,14.125
W,A,Y,R,G_K_R,19,15,1,2,0,-1.0,-2.5,-0.882717490196228,F88W_M255A_Y217Y,S1_G17,S1_G17,G,G,T,deconf,0.125,0.25,6.29875,10.73625,16.71625,40.5,16.125
W,A,Y,R,G_K_R,19,15,1,2,0,-1.0,-2.5,-0.882717490196228,F88W_M255A_Y217Y,OFF_T_G17,OFF_T_G17,T,C,G,deconf,0.375,0.0,5.0912500000000005,17.4625,38.81875,32.0,13.375
R,M,Y,R,G_K_R,18,15,0,2,0,-1.0,-1.5,-0.8827168941497803,F88R_M255M_Y217Y,S1_G17,S1_G17,G,G,T,deconf,0.625,0.25,3.83875,13.3325,15.00375,42.25,14.875
R,M,Y,R,G_K_R,18,15,0,2,0,-1.0,-1.5,-0.8827168941497803,F88R_M255M_Y217Y,OFF_T_G17,OFF_T_G17,T,C,G,deconf,0.25,0.0,5.53875,14.08375,18.5175,44.125,17.625
R,K,Y,R,G_K_R,19,15,1,2,0,-1.0,-0.5,-0.8827168941497803,F88R_M255K_Y217Y,S1_G17,S1_G17,G,G,T,deconf,0.375,0.375,5.0962499999999995,5.15625,16.13375,39.0,15.0
R,K,Y,R,G_K_R,19,15,1,2,0,-1.0,-0.5,-0.8827168941497803,F88R_M255K_Y217Y,OFF_T_G17,OFF_T_G17,T,C,G,deconf,0.25,0.0,6.63375,16.2125,41.20375,27.25,14.0
R,I,Y,R,G_K_R,19,15,1,2,0,-1.0,-1.5,-0.8827168941497803,F88R_M255I_Y217Y,S1_G17,S1_G17,G,G,T,deconf,0.875,0.125,2.6550000000000002,13.06625,29.005000000000003,49.25,17.125
R,I,Y,R,G_K_R,19,15,1,2,0,-1.0,-1.5,-0.8827168941497803,F88R_M255I_Y217Y,OFF_T_G17,OFF_T_G17,T,C,G,deconf,0.25,0.0,6.08375,10.25625,29.4725,34.125,16.0
R,A,Y,R,G_K_R,19,15,1,2,0,-1.0,-1.5,-0.8827168941497803,F88R_M255A_Y217Y,S1_G17,S1_G17,G,G,T,deconf,0.625,0.375,4.295,7.13125,14.46625,40.75,15.125
R,A,Y,R,G_K_R,19,15,1,2,0,-1.0,-1.5,-0.8827168941497803,F88R_M255A_Y217Y,OFF_T_G17,OFF_T_G17,T,C,G,deconf,0.375,0.0,5.1,12.44375,39.50125,27.875,13.5
K,M,Y,R,G_K_R,18,15,0,2,0,-1.0,-1.5,-0.8827316761016846,F88K_M255M_Y217Y,S1_G17,S1_G17,G,G,T,deconf,0.875,0.375,3.09625,12.55875,17.69375,39.125,14.5
K,M,Y,R,G_K_R,18,15,0,2,0,-1.0,-1.5,-0.8827316761016846,F88K_M255M_Y217Y,OFF_T_G17,OFF_T_G17,T,C,G,deconf,0.25,0.0,6.46125,13.112499999999999,28.42625,37.625,15.625
K,M,R,R,G_K_R,19,15,1,2,0,-1.0,-0.5,-0.8827316761016846,F88K_M255M_Y217R,S1_G17,S1_G17,G,G,T,deconf,0.75,0.125,3.7975,14.938749999999999,18.6825,33.375,12.125
K,M,R,R,G_K_R,19,15,1,2,0,-1.0,-0.5,-0.8827316761016846,F88K_M255M_Y217R,OFF_T_G17,OFF_T_G17,T,C,G,deconf,0.125,0.0,6.63,18.905,25.865000000000002,28.75,12.625
K,M,F,R,G_K_R,19,15,1,2,0,-1.0,-1.5,-0.8827316761016846,F88K_M255M_Y217F,S1_G17,S1_G17,G,G,T,deconf,0.25,0.25,5.02625,7.05375,4.4275,41.25,15.0
K,M,F,R,G_K_R,19,15,1,2,0,-1.0,-1.5,-0.8827316761016846,F88K_M255M_Y217F,OFF_T_G17,OFF_T_G17,T,C,G,deconf,0.375,0.0,6.19875,17.19875,34.79875,32.375,15.875
K,K,Y,R,G_K_R,19,15,1,2,0,-1.0,-0.5,-0.8827316761016846,F88K_M255K_Y217Y,S1_G17,S1_G17,G,G,T,deconf,0.75,0.375,3.87875,10.29625,9.00375,33.75,12.5
K,K,Y,R,G_K_R,19,15,1,2,0,-1.0,-0.5,-0.8827316761016846,F88K_M255K_Y217Y,OFF_T_G17,OFF_T_G17,T,C,G,deconf,0.375,0.0,4.766249999999999,12.39625,30.99,30.0,13.875
Y,M,Y,R,G_K_R,18,15,0,2,0,-1.0,-2.5,-0.882706880569458,F88Y_M255M_Y217Y,S1_G17,S1_G17,G,G,T,deconf,0.75,0.125,3.855,16.8325,21.84,38.75,14.0
Y,M,Y,R,G_K_R,18,15,0,2,0,-1.0,-2.5,-0.882706880569458,F88Y_M255M_Y217Y,OFF_T_G17,OFF_T_G17,T,C,G,deconf,0.25,0.0,5.25375,16.23375,22.74875,43.875,19.5
Y,K,Y,R,G_K_R,19,15,1,2,0,-1.0,-1.5,-0.882706880569458,F88Y_M255K_Y217Y,S1_G17,S1_G17,G,G,T,deconf,1.0,0.25,2.7775,12.4275,20.7025,42.5,13.875
Y,K,Y,R,G_K_R,19,15,1,2,0,-1.0,-1.5,-0.882706880569458,F88Y_M255K_Y217Y,OFF_T_G17,OFF_T_G17,T,C,G,deconf,0.625,0.0,5.47125,13.835,30.127499999999998,37.0,16.5
Y,I,Y,R,G_K_R,19,15,1,2,0,-1.0,-2.5,-0.882706880569458,F88Y_M255I_Y217Y,S1_G17,S1_G17,G,G,T,deconf,0.625,0.375,4.71,9.3425,14.6225,40.375,13.875
Y,I,Y,R,G_K_R,19,15,1,2,0,-1.0,-2.5,-0.882706880569458,F88Y_M255I_Y217Y,OFF_T_G17,OFF_T_G17,T,C,G,deconf,0.125,0.0,6.31375,15.36875,33.5775,40.25,17.25
Y,A,Y,R,G_K_R,19,15,1,2,0,-1.0,-2.5,-0.882706880569458,F88Y_M255A_Y217Y,S1_G17,S1_G17,G,G,T,deconf,0.375,0.0,5.36875,14.31625,14.57875,42.25,14.25
Y,A,Y,R,G_K_R,19,15,1,2,0,-1.0,-2.5,-0.882706880569458,F88Y_M255A_Y217Y,OFF_T_G17,OFF_T_G17,T,C,G,deconf,0.5,0.0,5.23125,18.71875,39.62625,32.375,13.75
W,M,Y,R,G_K_R,18,15,0,2,0,-1.0,-2.5,-0.882717490196228,F88W_M255M_Y217Y,S1_G17,S1_G17,G,G,T,deconf,0.625,0.125,4.12,14.08875,25.92625,38.75,14.25
W,M,Y,R,G_K_R,18,15,0,2,0,-1.0,-2.5,-0.882717490196228,F88W_M255M_Y217Y,OFF_T_G17,OFF_T_G17,T,C,G,deconf,0.25,0.0,6.32625,15.01375,37.81875,36.5,15.0
W,K,Y,R,G_K_R,19,15,1,2,0,-1.0,-1.5,-0.882717490196228,F88W_M255K_Y217Y,S1_G17,S1_G17,G,G,T,deconf,0.375,0.25,4.9350000000000005,11.40625,17.23875,38.25,14.125
W,K,Y,R,G_K_R,19,15,1,2,0,-1.0,-1.5,-0.882717490196228,F88W_M255K_Y217Y,OFF_T_G17,OFF_T_G17,T,C,G,deconf,0.375,0.0,5.2825,16.34625,36.48125,37.0,14.75
K,I,Y,R,G_K_R,19,15,1,2,0,-1.0,-1.5,-0.8827316761016846,F88K_M255I_Y217Y,S1_G17,S1_G17,G,G,T,deconf,1.0,0.75,3.04625,4.83125,7.231249999999999,42.0,14.375
K,I,Y,R,G_K_R,19,15,1,2,0,-1.0,-1.5,-0.8827316761016846,F88K_M255I_Y217Y,OFF_T_G17,OFF_T_G17,T,C,G,deconf,0.125,0.0,6.6025,14.82,36.625,31.25,13.375
K,A,Y,R,G_K_R,19,15,1,2,0,-1.0,-1.5,-0.8827316761016846,F88K_M255A_Y217Y,S1_G17,S1_G17,G,G,T,deconf,0.75,0.25,4.4262500000000005,9.73625,10.645,36.5,14.875
K,A,Y,R,G_K_R,19,15,1,2,0,-1.0,-1.5,-0.8827316761016846,F88K_M255A_Y217Y,OFF_T_G17,OFF_T_G17,T,C,G,deconf,0.0,0.0,7.195,14.7075,33.1825,21.75,12.5
K,I,Y,R,R_K_R,16,13,1,1,0,0.0,1.5,-0.6612114906311035,TrackF_r1_M255I,S1_G17,S1_G17,G,G,T,v2a,0.9,0.5,3.5494999999999997,6.4784999999999995,16.4745,40.85,15.0
K,I,Y,R,R_K_R,16,13,1,1,0,0.0,1.5,-0.6612114906311035,TrackF_r1_M255I,OFF_T_G17,OFF_T_G17,T,C,G,v2a,0.65,0.0,4.474,14.457999999999998,33.126,31.15,12.65
K,I,Y,R,R_R_R,10,8,1,0,0,0.0,2.5,-0.6612114906311035,HQL2_M255I,S1_G17,S1_G17,G,G,T,v2a,0.8,0.75,3.8585000000000003,5.1105,3.1915,41.75,14.4
K,I,Y,R,R_R_R,10,8,1,0,0,0.0,2.5,-0.6612114906311035,HQL2_M255I,OFF_T_G17,OFF_T_G17,T,C,G,v2a,0.85,0.0,2.7664999999999997,12.4595,35.671499999999995,35.35,14.1
K,M,Y,R,R_K_R,15,13,0,1,0,0.0,1.5,-0.6612114906311035,TrackF_r1,S1_G17,S1_G17,G,G,T,six,0.8,0.45,3.622,7.342499999999999,13.5915,40.3,14.55
K,M,Y,R,R_K_R,15,13,0,1,0,0.0,1.5,-0.6612114906311035,TrackF_r1,OFF_T_G17,OFF_T_G17,T,C,G,six,0.7,0.0,4.5165,13.0715,36.160000000000004,27.4,11.25
R,K,R,R,R_R_R,6,3,2,0,0,0.0,6.0,-0.7988406419754028,RD_POS,S1_G17,S1_G17,G,G,T,six,0.4,0.0,5.962,9.985,8.4665,33.15,16.15
R,K,R,R,R_R_R,6,3,2,0,0,0.0,6.0,-0.7988406419754028,RD_POS,OFF_T_G17,OFF_T_G17,T,C,G,six,0.7,0.0,3.7555,13.330000000000002,10.131499999999999,34.7,16.45
F,M,Y,R,R_R_R,0,0,0,0,0,0.0,0.0,-0.05568902939558029,WT,OFF_T_G17,OFF_T_G17,T,C,G,six,0.25,0.0,5.7605,18.8005,13.6595,36.0,16.2
F,M,Y,R,R_R_R,0,0,0,0,0,0.0,0.0,-0.05568902939558029,WT,S1_G17,S1_G17,G,G,T,six,0.75,0.2,3.7585,10.3065,12.989499999999998,39.45,13.8
K,I,Y,R,G_K_R,19,15,1,2,0,-1.0,-1.5,-0.8827316761016846,s13_c1,OFF_T_G17,OFF_T_G17,T,C,G,six,0.35,0.0,7.225499999999999,15.4545,35.8435,29.75,13.8
K,I,Y,R,G_K_R,19,15,1,2,0,-1.0,-1.5,-0.8827316761016846,s13_c1,S1_G17,S1_G17,G,G,T,six,0.8,0.35,3.3994999999999997,11.833499999999999,13.9635,40.25,14.95
K,M,Y,R,R_R_R,9,8,0,0,0,0.0,2.5,-0.6612114906311035,HQL2,OFF_T_G17,OFF_T_G17,T,C,G,six,0.7,0.0,3.6090000000000004,13.399000000000001,35.316500000000005,30.2,12.75
K,M,Y,R,R_R_R,9,8,0,0,0,0.0,2.5,-0.6612114906311035,HQL2,S1_G17,S1_G17,G,G,T,six,1.0,0.85,3.0900000000000003,4.2635,4.7275,41.4,13.6
R,K,R,R,R_R_R,14,11,2,0,0,0.0,8.0,-0.9729664325714111,RDP2,OFF_T_G17,OFF_T_G17,T,C,G,six,0.55,0.0,4.8534999999999995,14.7655,7.1915000000000004,34.75,16.95
R,K,R,R,R_R_R,14,11,2,0,0,0.0,8.0,-0.9729664325714111,RDP2,S1_G17,S1_G17,G,G,T,six,0.8,0.0,3.1710000000000003,15.65,23.7755,30.6,12.75
F,Q,Y,R,R_R_R,12,11,1,0,0,0.0,4.5,-0.8957902193069458,e1,GCA,GCA,T,G,T,old,0.1,0.05,5.704,3.4865000000000004,25.866500000000002,,
F,Q,Y,R,R_R_R,12,11,1,0,0,0.0,4.5,-0.8957902193069458,e1,OFF_T_G17,OFF_T_G17,T,C,G,old,0.2,0.0,5.485,13.7945,11.434000000000001,,
F,Q,Y,R,R_R_R,12,11,1,0,0,0.0,4.5,-0.8957902193069458,e1,S1_G17,S1_G17,G,G,T,old,0.55,0.1,4.63,7.6345,21.1565,,
N,M,Y,R,R_R_R,12,11,0,0,0,0.0,3.0,-0.7685083150863647,e10,GCA,GCA,T,G,T,old,0.7,0.3,4.226,4.556,15.263,,
N,M,Y,R,R_R_R,12,11,0,0,0,0.0,3.0,-0.7682914733886719,e7,GCA,GCA,T,G,T,old,0.25,0.25,5.5475,5.235,11.636,,
F,Q,Y,R,R_R_R,12,11,1,0,0,0.0,5.0,-0.836727499961853,e6,S1_G17,S1_G17,G,G,T,old,0.4,0.0,5.3865,9.853,21.492,,
F,Q,Y,R,R_R_R,12,11,1,0,0,0.0,5.0,-0.836727499961853,e6,OFF_T_G17,OFF_T_G17,T,C,G,old,0.25,0.0,5.785,14.9235,13.190999999999999,,
F,Q,Y,R,R_R_R,12,11,1,0,0,0.0,5.0,-0.836727499961853,e6,GCA,GCA,T,G,T,old,0.25,0.1,5.228,4.714,29.802,,
F,Q,Y,R,R_H_R,12,10,1,1,0,-0.5,1.0,-0.7909189462661743,e5,S1_G17,S1_G17,G,G,T,old,0.7,0.1,4.3145,10.972,15.3935,,
F,Q,Y,R,R_H_R,12,10,1,1,0,-0.5,1.0,-0.7909189462661743,e5,OFF_T_G17,OFF_T_G17,T,C,G,old,0.25,0.0,6.0695,20.196,19.7555,,
F,Q,Y,R,R_H_R,12,10,1,1,0,-0.5,1.0,-0.7909189462661743,e5,GCA,GCA,T,G,T,old,0.4,0.0,4.87,6.776999999999999,29.549,,
F,Q,Y,R,R_H_R,12,10,1,1,0,-0.5,1.0,-0.790898323059082,e4,S1_G17,S1_G17,G,G,T,old,0.35,0.05,4.93,16.101,18.3345,,
F,Q,Y,R,R_H_R,12,10,1,1,0,-0.5,1.0,-0.790898323059082,e4,OFF_T_G17,OFF_T_G17,T,C,G,old,0.25,0.0,5.6695,19.959,17.768,,
F,Q,Y,R,R_H_R,12,10,1,1,0,-0.5,1.0,-0.790898323059082,e4,GCA,GCA,T,G,T,old,0.2,0.0,5.2435,5.0775,20.366999999999997,,
Q,M,Y,R,R_R_R,12,11,0,0,0,0.0,2.5,-0.8214524984359741,e3,S1_G17,S1_G17,G,G,T,old,0.7625,0.125,3.627375,9.785125,14.333125,,
Q,M,Y,R,R_R_R,12,11,0,0,0,0.0,2.5,-0.8214524984359741,e3,OFF_T_G17,OFF_T_G17,T,C,G,old,0.2,0.0,6.0385,18.03375,20.451375,,
Q,M,Y,R,R_R_R,12,11,0,0,0,0.0,2.5,-0.8214524984359741,e3,GCA,GCA,T,G,T,old,0.05,0.0,6.0575,7.489750000000001,6.801,,
S,H,Y,R,R_R_R,12,10,1,0,0,0.0,1.5,-0.9825648069381714,e24,S1_G17,S1_G17,G,G,T,old,0.55,0.0,4.872,11.218,23.8345,,
S,H,Y,R,R_R_R,12,10,1,0,0,0.0,1.5,-0.9825648069381714,e24,OFF_T_G17,OFF_T_G17,T,C,G,old,0.15,0.0,6.3765,15.3385,30.07,,
S,H,Y,R,R_R_R,12,10,1,0,0,0.0,1.5,-0.9825648069381714,e24,GCA,GCA,T,G,T,old,0.25,0.0,6.0335,11.327,30.089499999999997,,
Y,H,Y,R,R_R_R,12,10,1,0,0,0.0,1.5,-0.9825822114944458,e23,S1_G17,S1_G17,G,G,T,old,0.6,0.45,4.8950000000000005,9.939499999999999,13.997,,
Y,H,Y,R,R_R_R,12,10,1,0,0,0.0,1.5,-0.9825822114944458,e23,OFF_T_G17,OFF_T_G17,T,C,G,old,0.2,0.0,6.503,13.649000000000001,28.587,,
Y,H,Y,R,R_R_R,12,10,1,0,0,0.0,1.5,-0.9825822114944458,e23,GCA,GCA,T,G,T,old,0.65,0.5,4.7924999999999995,6.922499999999999,17.232,,
Y,H,Y,R,R_R_R,12,10,1,0,0,0.0,1.5,-0.9825822114944458,e22,S1_G17,S1_G17,G,G,T,old,0.55,0.05,4.5495,11.348,26.351,,
N,M,Y,R,R_R_R,12,11,0,0,0,0.0,3.0,-0.7682914733886719,e7,OFF_T_G17,OFF_T_G17,T,C,G,old,0.25,0.0,5.721,22.2165,29.5225,,
N,M,Y,R,R_R_R,12,11,0,0,0,0.0,3.0,-0.7682914733886719,e7,S1_G17,S1_G17,G,G,T,old,0.55,0.2,4.481,10.7045,11.721,,
N,M,Y,R,R_R_R,12,11,0,0,0,0.0,3.0,-0.7683732509613037,e8,GCA,GCA,T,G,T,old,0.3,0.05,5.4775,5.659000000000001,16.1615,,
N,M,Y,R,R_R_R,12,11,0,0,0,0.0,3.0,-0.7683732509613037,e8,OFF_T_G17,OFF_T_G17,T,C,G,old,0.05,0.0,6.116,23.5045,30.611,,
F,N,Y,R,R_R_R,12,11,1,0,0,0.0,2.0,-0.9922469854354858,e11,S1_G17,S1_G17,G,G,T,old,0.2,0.1,5.162,14.151,26.52,,
F,N,Y,R,R_R_R,12,11,1,0,0,0.0,2.0,-0.9923585653305054,e12,GCA,GCA,T,G,T,old,0.15,0.1,5.621499999999999,6.133,35.786500000000004,,
F,N,Y,R,R_R_R,12,11,1,0,0,0.0,2.0,-0.9923585653305054,e12,OFF_T_G17,OFF_T_G17,T,C,G,old,0.55,0.0,5.0685,18.818,18.228,,
F,N,Y,R,R_R_R,12,11,1,0,0,0.0,2.0,-0.9923585653305054,e12,S1_G17,S1_G17,G,G,T,old,0.4,0.0,4.9405,16.6875,24.9985,,
N,M,Y,R,R_R_R,12,11,0,0,0,0.0,3.0,-0.7685083150863647,e10,OFF_T_G17,OFF_T_G17,T,C,G,old,0.5,0.0,5.366,24.805500000000002,24.016,,
N,M,Y,R,R_R_R,12,11,0,0,0,0.0,3.0,-0.7685083150863647,e10,S1_G17,S1_G17,G,G,T,old,0.65,0.3,4.572,6.7475,10.7205,,
F,N,Y,R,R_R_R,12,11,1,0,0,0.0,2.0,-0.9922469854354858,e11,GCA,GCA,T,G,T,old,0.45,0.0,5.0655,6.6545000000000005,35.348,,
F,N,Y,R,R_R_R,12,11,1,0,0,0.0,2.0,-0.9922469854354858,e11,OFF_T_G17,OFF_T_G17,T,C,G,old,0.45,0.0,6.239,15.6725,16.822499999999998,,
F,N,Y,R,R_R_R,12,11,1,0,0,0.0,2.5,-0.9550981521606445,e19,S1_G17,S1_G17,G,G,T,old,0.25,0.15,5.096500000000001,10.5335,21.8815,,
F,Q,Y,R,R_R_R,12,11,1,0,0,0.0,4.5,-0.83670973777771,e2,GCA,GCA,T,G,T,old,0.25,0.1,5.613,4.2780000000000005,34.0125,,
F,Q,Y,R,R_R_R,12,11,1,0,0,0.0,4.5,-0.83670973777771,e2,OFF_T_G17,OFF_T_G17,T,C,G,old,0.35,0.0,5.404999999999999,13.8465,7.850499999999999,,
F,Q,Y,R,R_R_R,12,11,1,0,0,0.0,4.5,-0.83670973777771,e2,S1_G17,S1_G17,G,G,T,old,0.35,0.05,4.941,16.4605,25.520500000000002,,
N,H,Y,R,R_R_R,12,10,1,0,0,0.0,1.5,-0.9826756715774536,e20,GCA,GCA,T,G,T,old,0.3,0.0,5.83,9.6745,30.664499999999997,,
N,H,Y,R,R_R_R,12,10,1,0,0,0.0,1.5,-0.9826756715774536,e20,OFF_T_G17,OFF_T_G17,T,C,G,old,0.2,0.0,6.221,12.522,30.1295,,
N,H,Y,R,R_R_R,12,10,1,0,0,0.0,1.5,-0.9826756715774536,e20,S1_G17,S1_G17,G,G,T,old,0.35,0.0,5.401,12.809000000000001,23.986,,
N,N,Y,R,R_R_R,12,10,1,0,0,0.0,1.0,-0.9427057504653931,e21,GCA,GCA,T,G,T,old,0.25,0.0,5.4,6.003,36.3395,,
N,N,Y,R,R_R_R,12,10,1,0,0,0.0,1.0,-0.9427057504653931,e21,OFF_T_G17,OFF_T_G17,T,C,G,old,0.45,0.0,5.6045,20.2855,25.166,,
N,N,Y,R,R_R_R,12,10,1,0,0,0.0,1.0,-0.9427057504653931,e21,S1_G17,S1_G17,G,G,T,old,0.65,0.0,4.0455,13.037,25.910500000000003,,
Y,H,Y,R,R_R_R,12,10,1,0,0,0.0,1.5,-0.9825822114944458,e22,GCA,GCA,T,G,T,old,0.6,0.15,5.1375,8.0465,26.689999999999998,,
Y,H,Y,R,R_R_R,12,10,1,0,0,0.0,1.5,-0.9825822114944458,e22,OFF_T_G17,OFF_T_G17,T,C,G,old,0.05,0.0,6.522499999999999,14.264500000000002,26.851499999999998,,
N,M,Y,R,R_R_R,12,11,0,0,0,0.0,3.0,-0.7683135271072388,e13,GCA,GCA,T,G,T,old,0.3625,0.075,5.379,5.39425,15.282,,
N,M,Y,R,R_R_R,12,11,0,0,0,0.0,3.0,-0.7683135271072388,e13,OFF_T_G17,OFF_T_G17,T,C,G,old,0.2625,0.0,5.839875,22.098125,30.20625,,
N,M,Y,R,R_R_R,12,11,0,0,0,0.0,3.0,-0.7683135271072388,e13,S1_G17,S1_G17,G,G,T,old,0.7125,0.2125,3.963375,9.87275,11.562875,,
N,M,Y,R,R_R_R,12,11,0,0,0,0.0,3.0,-0.7682898044586182,e14,GCA,GCA,T,G,T,old,0.4,0.0,4.6465000000000005,6.0595,11.453999999999999,,
N,M,Y,R,R_R_R,12,11,0,0,0,0.0,3.0,-0.7682898044586182,e14,OFF_T_G17,OFF_T_G17,T,C,G,old,0.3,0.0,5.4835,20.93,33.266,,
N,M,Y,R,R_R_R,12,11,0,0,0,0.0,3.0,-0.7682898044586182,e14,S1_G17,S1_G17,G,G,T,old,0.65,0.15,3.989,7.865,7.345000000000001,,
N,N,Y,R,R_R_R,12,10,1,0,0,0.0,1.0,-0.9826756715774536,e15,GCA,GCA,T,G,T,old,0.35,0.0,6.1985,10.792,26.2575,,
N,N,Y,R,R_R_R,12,10,1,0,0,0.0,1.0,-0.9826756715774536,e15,OFF_T_G17,OFF_T_G17,T,C,G,old,0.1,0.0,6.409000000000001,13.179999999999998,30.140499999999996,,
N,N,Y,R,R_R_R,12,10,1,0,0,0.0,1.0,-0.9826756715774536,e15,S1_G17,S1_G17,G,G,T,old,0.55,0.1,4.4799999999999995,12.1505,17.0865,,
F,N,Y,R,R_R_R,12,11,1,0,0,0.0,0.0,-0.9928479194641113,e16,GCA,GCA,T,G,T,old,0.3,0.3,5.585,6.225,19.9115,,
F,N,Y,R,R_R_R,12,11,1,0,0,0.0,0.0,-0.9928479194641113,e16,OFF_T_G17,OFF_T_G17,T,C,G,old,0.4,0.0,5.5365,19.302,15.482499999999998,,
F,N,Y,R,R_R_R,12,11,1,0,0,0.0,0.0,-0.9928479194641113,e16,S1_G17,S1_G17,G,G,T,old,0.6,0.15,4.3155,14.2715,15.496500000000001,,
F,N,Y,R,R_R_R,12,11,1,0,0,0.0,2.0,-0.9550981521606445,e17,GCA,GCA,T,G,T,old,0.35,0.3,5.1325,4.6354999999999995,27.078500000000002,,
F,N,Y,R,R_R_R,12,11,1,0,0,0.0,2.0,-0.9550981521606445,e17,OFF_T_G17,OFF_T_G17,T,C,G,old,0.25,0.0,7.484,20.8305,17.4125,,
F,N,Y,R,R_R_R,12,11,1,0,0,0.0,2.0,-0.9550981521606445,e17,S1_G17,S1_G17,G,G,T,old,0.35,0.45,5.285,7.9365,6.838500000000001,,
Y,H,Y,R,R_R_R,12,10,1,0,0,0.0,1.5,-0.9825820922851562,e18,GCA,GCA,T,G,T,old,0.4875,0.2625,5.22875,7.29875,25.54025,,
Y,H,Y,R,R_R_R,12,10,1,0,0,0.0,1.5,-0.9825820922851562,e18,OFF_T_G17,OFF_T_G17,T,C,G,old,0.0625,0.0,6.821250000000001,12.07325,27.561374999999998,,
Y,H,Y,R,R_R_R,12,10,1,0,0,0.0,1.5,-0.9825820922851562,e18,S1_G17,S1_G17,G,G,T,old,0.6875,0.35,4.5443750000000005,7.889749999999999,20.264000000000003,,
F,N,Y,R,R_R_R,12,11,1,0,0,0.0,2.5,-0.9550981521606445,e19,GCA,GCA,T,G,T,old,0.25,0.35,5.282,5.425,12.594,,
F,N,Y,R,R_R_R,12,11,1,0,0,0.0,2.5,-0.9550981521606445,e19,OFF_T_G17,OFF_T_G17,T,C,G,old,0.1,0.0,6.824,19.4315,8.001999999999999,,
Q,M,Y,R,R_R_R,12,11,0,0,0,0.0,3.5,-0.8214693069458008,w4,GCA,GCA,T,G,T,old,0.2,0.0125,5.35325,8.904,10.567,,
Q,M,Y,R,R_R_R,12,11,0,0,0,0.0,3.5,-0.8214693069458008,w4,OFF_T_G17,OFF_T_G17,T,C,G,old,0.2625,0.0,5.530125,17.008125,20.918625,,
Q,M,Y,R,R_R_R,12,11,0,0,0,0.0,3.5,-0.8214693069458008,w4,S1_G17,S1_G17,G,G,T,old,0.8625,0.025,2.9859999999999998,13.742375000000001,26.04375,,
N,M,Y,R,R_R_R,12,11,0,0,0,0.0,3.0,-0.7685083150863647,e9,S1_G17,S1_G17,G,G,T,old,0.65,0.15,4.0665,5.8745,11.8995,,
N,M,Y,R,R_R_R,12,11,0,0,0,0.0,3.0,-0.7685083150863647,e9,OFF_T_G17,OFF_T_G17,T,C,G,old,0.2,0.0,5.7995,29.188,24.975,,
N,M,Y,R,R_R_R,12,11,0,0,0,0.0,3.0,-0.7685083150863647,e9,GCA,GCA,T,G,T,old,0.4,0.15,5.4955,6.7005,10.645,,
N,M,Y,R,R_R_R,12,11,0,0,0,0.0,3.0,-0.7683732509613037,e8,S1_G17,S1_G17,G,G,T,old,0.55,0.15,4.761,9.388,14.268,,
F,M,Y,R,R_R_R,0,0,0,0,0,0.0,0.0,-0.05568902939558029,F88Y_Y170F,S1_G17,S1_G17,G,G,T,v3cand,0.75,,,,,,
F,M,Y,R,R_R_R,0,0,0,0,0,0.0,0.0,-0.05568902939558029,F88Y_Y170F,OFF_T_G17,OFF_T_G17,T,C,G,v3cand,0.4,,,,,,
F,M,Y,R,R_R_R,0,0,0,0,0,0.0,0.0,-0.05568902939558029,K216R,S1_G17,S1_G17,G,G,T,v3cand,0.95,,,,,,
F,M,Y,R,R_R_R,0,0,0,0,0,0.0,0.0,-0.05568902939558029,K216R,OFF_T_G17,OFF_T_G17,T,C,G,v3cand,0.5,,,,,,
F,M,Y,R,R_R_R,0,0,0,0,0,0.0,0.0,-0.05568902939558029,K216R_Y170F_Q120V,S1_G17,S1_G17,G,G,T,v3cand,0.9,,,,,,
F,M,Y,R,R_R_R,0,0,0,0,0,0.0,0.0,-0.05568902939558029,K216R_Y170F_Q120V,OFF_T_G17,OFF_T_G17,T,C,G,v3cand,0.7,,,,,,
F,M,Y,R,R_R_R,0,0,0,0,0,0.0,0.0,-0.05568902939558029,Q120V,S1_G17,S1_G17,G,G,T,v3cand,0.95,,,,,,
F,M,Y,R,R_R_R,0,0,0,0,0,0.0,0.0,-0.05568902939558029,Q120V,OFF_T_G17,OFF_T_G17,T,C,G,v3cand,0.5,,,,,,
F,M,Y,R,R_R_R,0,0,0,0,0,0.0,0.0,-0.05568902939558029,R85A_R207A_R267A,S1_G17,S1_G17,G,G,T,v3cand,0.5,,,,,,
F,M,Y,R,R_R_R,0,0,0,0,0,0.0,0.0,-0.05568902939558029,R85A_R207A_R267A,OFF_T_G17,OFF_T_G17,T,C,G,v3cand,0.35,,,,,,
F,M,Y,R,R_R_R,0,0,0,0,0,0.0,0.0,-0.05568902939558029,Y170F,S1_G17,S1_G17,G,G,T,v3cand,0.9,,,,,,
F,M,Y,R,R_R_R,0,0,0,0,0,0.0,0.0,-0.05568902939558029,Y170F,OFF_T_G17,OFF_T_G17,T,C,G,v3cand,0.95,,,,,,
F,M,Y,R,R_R_R,0,0,0,0,0,0.0,0.0,-0.05568902939558029,K216R_Q120V_F88Y_Y170F,S1_G17,S1_G17,G,G,T,v3cand,0.8,,,,,,
F,M,Y,R,R_R_R,0,0,0,0,0,0.0,0.0,-0.05568902939558029,K216R_Q120V_F88Y_Y170F,OFF_T_G17,OFF_T_G17,T,C,G,v3cand,0.75,,,,,,
F,M,Y,R,R_R_R,0,0,0,0,0,0.0,0.0,-0.05568902939558029,K216R_Q120V,S1_G17,S1_G17,G,G,T,v3cand,0.8,,,,,,
F,M,Y,R,R_R_R,0,0,0,0,0,0.0,0.0,-0.05568902939558029,K216R_Q120V,OFF_T_G17,OFF_T_G17,T,C,G,v3cand,0.4,,,,,,
