name,background,hotspot,mut_aa,act_off,act_s1,sig_off,sig_s1,sep,sep_σ,UCB
M255M@s13_c1,s13_c1,M255,M,0.6418260653843807,0.8773397404513323,0.0,0.0,0.23551367506695164,0.0,0.23551367506695164
F88Y@TrackF_r1,TrackF_r1,F88,Y,0.6640356280010935,0.8935114534314588,0.0,0.0,0.22947582543036527,0.0,0.22947582543036527
F88R@TrackF_r1,TrackF_r1,F88,R,0.5504336485026989,0.7768300143405378,0.0,1.1102230246251565e-16,0.22639636583783884,1.1102230246251565e-16,0.2263963658378389
F88F@TrackF_r1,TrackF_r1,F88,F,0.5596775553992269,0.7848418627841218,0.0,1.1102230246251565e-16,0.2251643073848949,1.1102230246251565e-16,0.22516430738489496
F88W@TrackF_r1,TrackF_r1,F88,W,0.5028574436735945,0.7183325715490483,0.0,0.0,0.21547512787545375,0.0,0.21547512787545375
F88K@WT,WT,F88,K,0.693852157678064,0.8963572861883471,1.1102230246251565e-16,1.1102230246251565e-16,0.20250512851028313,1.5700924586837752e-16,0.2025051285102832
Y217R@s13_c1,s13_c1,Y217,R,0.6899412169452028,0.8863677875858454,0.0,1.1102230246251565e-16,0.19642657064064262,1.1102230246251565e-16,0.19642657064064267
Y217F@s13_c1,s13_c1,Y217,F,0.6999224393327184,0.8963490099733609,1.1102230246251565e-16,1.1102230246251565e-16,0.1964265706406425,1.5700924586837752e-16,0.1964265706406426
F88Y@WT,WT,F88,Y,0.7104204435952132,0.9029367670591684,0.0,1.1102230246251565e-16,0.1925163234639552,1.1102230246251565e-16,0.19251632346395525
F88R@WT,WT,F88,R,0.6117105933485715,0.7999153987670563,0.0,0.0,0.18820480541848483,0.0,0.18820480541848483
M255A@s13_c1,s13_c1,M255,A,0.6089338991378104,0.790123489630889,0.0,1.1102230246251565e-16,0.1811895904930786,1.1102230246251565e-16,0.18118959049307864
M255K@s13_c1,s13_c1,M255,K,0.6447994987704612,0.8234908585748701,1.1102230246251565e-16,1.1102230246251565e-16,0.17869135980440898,1.5700924586837752e-16,0.17869135980440906
F88W@WT,WT,F88,W,0.5628375427038074,0.7413531686128509,0.0,0.0,0.17851562590904357,0.0,0.17851562590904357
M255I@TrackF_r1,TrackF_r1,M255,I,0.7225989330341597,0.8977219698995081,0.0,1.1102230246251565e-16,0.17512303686534847,1.1102230246251565e-16,0.17512303686534852
M255A@TrackF_r1,TrackF_r1,M255,A,0.6440964612994654,0.8039825180172497,1.1102230246251565e-16,2.220446049250313e-16,0.15988605671778433,2.482534153247273e-16,0.15988605671778444
Y217F@TrackF_r1,TrackF_r1,Y217,F,0.6440964612994654,0.8039825180172497,1.1102230246251565e-16,2.220446049250313e-16,0.15988605671778433,2.482534153247273e-16,0.15988605671778444
Y217R@TrackF_r1,TrackF_r1,Y217,R,0.6425903739277801,0.7836659832854884,0.0,1.1102230246251565e-16,0.14107560935770835,1.1102230246251565e-16,0.1410756093577084
M255K@TrackF_r1,TrackF_r1,M255,K,0.6893854946160685,0.827962873285107,1.1102230246251565e-16,1.1102230246251565e-16,0.13857737866903852,1.5700924586837752e-16,0.1385773786690386
F88R@s13_c1,s13_c1,F88,R,0.6439646889608407,0.7757670927272622,1.1102230246251565e-16,1.1102230246251565e-16,0.1318024037664215,1.5700924586837752e-16,0.13180240376642158
F88Y@s13_c1,s13_c1,F88,Y,0.6394347166753073,0.7333137343721954,0.0,0.0,0.09387901769688811,0.0,0.09387901769688811
F88F@s13_c1,s13_c1,F88,F,0.5487638463420464,0.6383313459934642,0.0,1.1102230246251565e-16,0.08956749965141775,1.1102230246251565e-16,0.0895674996514178
M255I@WT,WT,M255,I,0.6466937007977628,0.7308022335265154,0.0,1.1102230246251565e-16,0.08410853272875263,1.1102230246251565e-16,0.08410853272875268
F88W@s13_c1,s13_c1,F88,W,0.4681924429508903,0.5480707630928663,0.0,0.0,0.07987832014197599,0.0,0.07987832014197599
Y217F@WT,WT,Y217,F,0.6018847761814624,0.6806179942997871,1.1102230246251565e-16,0.0,0.07873321811832468,1.1102230246251565e-16,0.07873321811832473
Y217R@WT,WT,Y217,R,0.6018847761814624,0.6806179942997871,1.1102230246251565e-16,0.0,0.07873321811832468,1.1102230246251565e-16,0.07873321811832473
M255A@WT,WT,M255,A,0.6018847761814624,0.6707563287626509,1.1102230246251565e-16,1.1102230246251565e-16,0.06887155258118849,1.5700924586837752e-16,0.06887155258118857
M255K@WT,WT,M255,K,0.6639109277304961,0.730284249623015,0.0,1.1102230246251565e-16,0.06637332189251888,1.1102230246251565e-16,0.06637332189251893
