system,sep_true,sep_pred,z
F88F_M255A_Y217Y,0.125,0.19842232857184638,-0.8876928091049194
F88F_M255I_Y217Y,0.25,0.2167449323411874,-0.8876928091049194
F88F_M255K_Y217Y,0.5,0.21049382246935594,-0.8876928091049194
F88F_M255M_Y217Y,-0.25,0.40062035225233844,-0.8876928091049194
F88K_M255A_Y217Y,0.75,0.3862328572628904,-0.8827316761016846
F88K_M255I_Y217Y,0.875,0.40276347089848824,-0.8827316761016846
F88K_M255K_Y217Y,0.375,0.38272748146148683,-0.8827316761016846
F88K_M255M_Y217F,-0.125,0.5802892515965363,-0.8827316761016846
F88K_M255M_Y217R,0.625,0.4132035291255922,-0.8827316761016846
F88K_M255M_Y217Y,0.625,0.49099378620699075,-0.8827316761016846
F88R_M255A_Y217Y,0.25,0.29639669036232896,-0.8827168941497803
F88R_M255I_Y217Y,0.625,0.2584147589235585,-0.8827168941497803
F88R_M255K_Y217Y,0.125,0.25447304374216456,-0.8827168941497803
F88R_M255M_Y217Y,0.375,0.3889291999357339,-0.8827168941497803
F88W_M255A_Y217Y,-0.25,0.2394684087452717,-0.882717490196228
F88W_M255I_Y217Y,0.25,0.13042453371222867,-0.882717490196228
F88W_M255K_Y217Y,0.0,0.2971272224731661,-0.882717490196228
F88W_M255M_Y217Y,0.375,0.19407002003497137,-0.882717490196228
F88Y_M255A_Y217Y,-0.125,0.2862955506682354,-0.882706880569458
F88Y_M255I_Y217Y,0.5,0.16747656188248883,-0.882706880569458
F88Y_M255K_Y217Y,0.375,0.26894291820998634,-0.882706880569458
F88Y_M255M_Y217Y,0.5,0.23560924199332733,-0.882706880569458
F88Y_Y170F,0.35,0.25163353424601576,-0.05568902939558029
HQL2,0.30000000000000004,0.1594661713721025,-0.6612114906311035
HQL2_M255I,-0.04999999999999993,0.20076692984233202,-0.6612114906311035
K216R,0.44999999999999996,0.24837502641556852,-0.05568902939558029
K216R_Q120V,0.4,0.23631913481724176,-0.05568902939558029
K216R_Q120V_F88Y_Y170F,0.050000000000000044,0.2764352873429319,-0.05568902939558029
K216R_Y170F_Q120V,0.20000000000000007,0.27059411348765483,-0.05568902939558029
Q120V,0.44999999999999996,0.24837502641556852,-0.05568902939558029
R85A_R207A_R267A,0.15000000000000002,0.2748951787731775,-0.05568902939558029
RDP2,0.25,0.20490198970292084,-0.9729664325714111
RD_POS,-0.29999999999999993,0.2680495792558338,-0.7988406419754028
TrackF_r1,0.10000000000000009,0.4269239968320795,-0.6612114906311035
TrackF_r1_M255I,0.25,0.2620488229626369,-0.6612114906311035
WT,0.5,0.2299275165277258,-0.05568902939558029
Y170F,-0.04999999999999993,0.29506152164642113,-0.05568902939558029
e1,0.35000000000000003,0.15609162198671556,-0.8957902193069458
e10,0.15000000000000002,0.40835293215419244,-0.7685083150863647
e11,-0.25,0.21578236663945977,-0.9922469854354858
e12,-0.15000000000000002,0.19489330585489983,-0.9923585653305054
e13,0.45,0.3095943040850905,-0.7683135271072388
e14,0.35000000000000003,0.34066369679019626,-0.7682898044586182
e15,0.45000000000000007,0.18437887051570884,-0.9826756715774536
e16,0.19999999999999996,0.22246116622030393,-0.9928479194641113
e17,0.09999999999999998,0.20362602759661916,-0.9550981521606445
e18,0.625,0.24618905086569892,-0.9825820922851562
e19,0.15,0.2123305953875037,-0.9550981521606445
e2,0.0,0.22348792099644943,-0.83670973777771
e20,0.14999999999999997,0.2693324368461414,-0.9826756715774536
e21,0.2,0.23112022514588304,-0.9427057504653931
e22,0.5,0.27390184082526203,-0.9825822114944458
e23,0.39999999999999997,0.3044881848842149,-0.9825822114944458
e24,0.4,0.24211132987564665,-0.9825648069381714
e3,0.5625,0.3520626437455119,-0.8214524984359741
e4,0.09999999999999998,0.30536327810496094,-0.790898323059082
e5,0.44999999999999996,0.18737515824407208,-0.7909189462661743
e6,0.15000000000000002,0.23037293330606737,-0.836727499961853
e7,0.30000000000000004,0.3512421347780745,-0.7682914733886719
e8,0.5,0.3430637067496126,-0.7683732509613037
e9,0.45,0.3107292589768366,-0.7685083150863647
s13_c1,0.45000000000000007,0.458897297033799,-0.8827316761016846
w4,0.6000000000000001,0.3306309866923777,-0.8214693069458008
