bg,F88,M255,act_OFF,act_S1,d17_OFF,d17_S1,d23_OFF,d23_S1,dcat_OFF,dcat_S1,dual_OFF,dual_S1,iface_OFF,iface_S1,sep,sep_dual
TrackF_r1,W,A,0.28,0.78,17.9224,13.096300000000001,36.6108,20.026300000000003,5.8238,3.9773,0.0,0.11,27.37,35.35,0.5,0.11
TrackF_r1,Y,K,0.45,0.87,15.863299999999999,12.8584,31.8736,23.0409,5.2939,3.1510000000000002,0.0,0.15,32.68,36.94,0.42,0.15
TrackF_r1,F,A,0.47,0.88,16.8996,12.118,33.6888,15.843699999999998,5.3374,3.2879,0.0,0.23,30.09,34.25,0.41000000000000003,0.23
TrackF_r1,W,K,0.44,0.83,18.384900000000002,16.7183,33.744099999999996,26.549400000000002,5.549600000000001,3.3319,0.0,0.01,31.45,37.46,0.38999999999999996,0.01
TrackF_r1,R,M,0.51,0.88,14.499,6.785299999999999,37.2664,12.9902,4.6526,3.3762,0.0,0.54,28.3,41.81,0.37,0.54
TrackF_r1,F,M,0.42,0.77,15.8562,10.5029,34.684200000000004,12.8652,5.539,3.5993,0.0,0.27,30.69,38.05,0.35000000000000003,0.27
TrackF_r1,F,I,0.47,0.81,15.9473,11.086300000000001,35.8607,15.216299999999999,5.4007000000000005,3.4383999999999997,0.0,0.26,30.79,36.64,0.3400000000000001,0.26
TrackF_r1,F,K,0.49,0.83,15.1477,14.8495,29.4075,20.875,5.1707,3.5499,0.0,0.1,34.55,35.17,0.33999999999999997,0.1
TrackF_r1,Y,M,0.49,0.8,15.801300000000001,8.1934,35.8764,13.9175,4.997800000000001,3.6192,0.0,0.47,30.65,38.46,0.31000000000000005,0.47
TrackF_r1,Y,A,0.41,0.72,16.7627,8.6964,32.2578,13.648,5.2982000000000005,3.798,0.0,0.4,29.95,36.89,0.31,0.4
TrackF_r1,R,I,0.58,0.88,14.4669,8.4463,37.7385,19.6095,4.2504,3.0985,0.0,0.38,29.52,42.21,0.30000000000000004,0.38
TrackF_r1,R,A,0.54,0.81,14.5172,6.928,36.836,17.2857,4.9788,3.3083,0.0,0.38,27.91,38.02,0.27,0.38
TrackF_r1,K,M,0.65,0.91,13.3373,6.4064,34.582,11.8135,4.4869,3.1754000000000002,0.0,0.63,28.54,40.52,0.26,0.63
TrackF_r1,W,M,0.38,0.64,16.168599999999998,11.3214,38.6481,19.5972,5.525499999999999,4.2044,0.0,0.19,28.65,36.44,0.26,0.19
TrackF_r1,K,I,0.67,0.91,13.651200000000001,8.3233,34.8446,16.8232,4.0917,3.0723000000000003,0.0,0.44,31.02,40.69,0.24,0.44
TrackF_r1,Y,I,0.52,0.76,16.4673,9.3593,34.539699999999996,16.0772,4.981,3.7881,0.0,0.39,31.69,37.27,0.24,0.39
TrackF_r1,K,K,0.57,0.78,14.050799999999999,11.3094,34.032199999999996,23.3056,4.6192,3.4476999999999998,0.0,0.23,29.12,38.62,0.21000000000000008,0.23
TrackF_r1,W,I,0.49,0.7,16.418899999999997,12.1547,37.8489,22.0825,5.2221,3.9454000000000002,0.0,0.15,29.79,37.39,0.20999999999999996,0.15
TrackF_r1,R,K,0.63,0.77,14.7847,11.999400000000001,35.5979,25.212,4.3194,3.5713999999999997,0.0,0.16,31.0,37.49,0.14,0.16
TrackF_r1,K,A,0.72,0.85,13.2553,6.785399999999999,35.6753,15.1435,4.0889999999999995,3.3631,0.0,0.47,28.32,37.48,0.13,0.47
WT,K,K,0.21,0.73,16.1467,7.497999999999999,9.553199999999999,7.3953999999999995,6.2107,4.1484,0.0,0.34,39.53,39.51,0.52,0.34
WT,Y,A,0.16,0.67,19.5058,13.203199999999999,14.8467,18.2417,6.256899999999999,4.1133,0.0,0.14,34.06,37.46,0.51,0.14
WT,K,A,0.24,0.72,17.6927,7.630599999999999,12.2073,8.5578,5.8853,4.0109,0.0,0.31,38.58,38.84,0.48,0.31
WT,W,K,0.1,0.58,15.775699999999999,15.1142,23.887199999999996,20.0002,6.8736,4.3293,0.0,0.04,33.09,39.18,0.48,0.04
WT,Y,I,0.25,0.72,19.2382,10.979800000000001,17.4589,13.2312,5.9002,4.0927,0.0,0.22,35.69,39.44,0.47,0.22
WT,R,K,0.39,0.85,16.3132,9.4467,10.644400000000001,13.354800000000001,5.2895,3.5313,0.0,0.36,41.88,40.42,0.45999999999999996,0.36
WT,Y,K,0.26,0.7,17.9106,15.8102,11.735199999999999,22.348200000000002,6.0307,3.7625,0.0,0.05,37.98,38.38,0.43999999999999995,0.05
WT,Y,M,0.28,0.72,18.5592,11.862400000000001,14.7251,14.608799999999999,5.98,4.157,0.0,0.16,36.71,38.97,0.43999999999999995,0.16
WT,R,M,0.38,0.8,16.7427,7.3159,13.65,9.3427,5.284400000000001,3.6913,0.0,0.44,40.33,41.04,0.42000000000000004,0.44
WT,K,I,0.32,0.73,16.9071,6.310499999999999,14.386099999999999,4.7,5.7177999999999995,4.244800000000001,0.0,0.33,38.29,38.3,0.41,0.33
WT,W,I,0.21,0.61,18.9295,11.733699999999999,24.1933,12.5574,6.2299,4.6235,0.0,0.17,33.12,38.41,0.4,0.17
WT,F,A,0.42,0.82,18.1329,14.8778,12.1474,21.0798,5.7238,3.4972000000000003,0.0,0.04,36.03,38.29,0.39999999999999997,0.04
WT,R,I,0.41,0.8,16.7548,7.7128,18.6973,10.154,5.4061,3.7695999999999996,0.0,0.35,38.27,40.4,0.39000000000000007,0.35
WT,R,A,0.34,0.73,17.688299999999998,8.7762,14.1396,14.1395,5.636699999999999,3.7163,0.0,0.37,38.28,40.72,0.38999999999999996,0.37
WT,F,M,0.41,0.79,16.901400000000002,12.5497,13.048399999999999,14.0723,5.3948,3.8377,0.0,0.06,38.91,39.77,0.38000000000000006,0.06
WT,W,M,0.17,0.52,18.5716,13.0145,20.71,15.913,6.3264,4.8598,0.0,0.15,34.77,39.01,0.35,0.15
WT,F,I,0.41,0.72,18.438299999999998,10.82,16.6584,11.321800000000001,5.454400000000001,4.1067,0.0,0.08,37.57,39.96,0.31,0.08
WT,F,K,0.43,0.74,16.5561,13.7602,10.495999999999999,17.514200000000002,5.5711,3.7317,0.0,0.04,40.01,39.76,0.31,0.04
WT,K,M,0.36,0.66,16.2066,6.4227,10.3717,5.9124,5.5892,4.2569,0.0,0.45,41.57,39.8,0.30000000000000004,0.45
WT,W,A,0.16,0.46,19.2233,12.681,22.0275,22.3932,6.1441,4.775,0.0,0.14,33.23,37.32,0.30000000000000004,0.14
