system,dl_act_s1,dl_act_off,dl_sep,dl_act,sep_true,sep_pred
F88F_M255A_Y217Y,0.2395346760749817,-0.40334075689315796,0.6428754329681396,0.2395346760749817,0.125,0.1984223285718463
F88F_M255I_Y217Y,0.4146080017089844,-0.2225658893585205,0.6371738910675049,0.4146080017089844,0.25,0.2167449323411874
F88F_M255K_Y217Y,0.36897364258766174,-0.3905628025531769,0.7595364451408386,0.36897364258766174,0.5,0.2104938224693559
F88F_M255M_Y217Y,0.4087490439414978,-0.3542588949203491,0.7630079388618469,0.4087490439414978,-0.25,0.4006203522523384
F88K_M255A_Y217Y,0.46795156598091125,-0.27386096119880676,0.741812527179718,0.46795156598091125,0.75,0.3862328572628904
F88K_M255I_Y217Y,0.5112108588218689,-0.14196136593818665,0.6531722247600555,0.5112108588218689,0.875,0.4027634708984882
F88K_M255K_Y217Y,0.42465800046920776,-0.22560423612594604,0.6502622365951538,0.42465800046920776,0.375,0.3827274814614868
F88K_M255M_Y217F,0.5169755816459656,-0.18955177068710327,0.7065273523330688,0.5169755816459656,-0.125,0.5802892515965363
F88K_M255M_Y217R,0.462565541267395,-0.27466094493865967,0.7372264862060547,0.462565541267395,0.625,0.4132035291255922
F88K_M255M_Y217Y,0.6102070808410645,-0.1422918736934662,0.7524989545345306,0.6102070808410645,0.625,0.4909937862069907
F88R_M255A_Y217Y,0.38692519068717957,-0.29348820447921753,0.6804133951663971,0.38692519068717957,0.25,0.2963966903623289
F88R_M255I_Y217Y,0.4441825747489929,-0.1641252636909485,0.6083078384399414,0.4441825747489929,0.625,0.2584147589235585
F88R_M255K_Y217Y,0.39258095622062683,-0.28435781598091125,0.6769387722015381,0.39258095622062683,0.125,0.2544730437421645
F88R_M255M_Y217Y,0.41477078199386597,-0.15822196006774902,0.572992742061615,0.41477078199386597,0.375,0.3889291999357339
F88W_M255A_Y217Y,0.20449060201644897,-0.5006744861602783,0.7051650881767273,0.20449060201644897,-0.25,0.2394684087452717
F88W_M255I_Y217Y,0.25118643045425415,-0.4198276400566101,0.6710140705108643,0.25118643045425415,0.25,0.1304245337122286
F88W_M255K_Y217Y,0.16425910592079163,-0.5431355834007263,0.7073946893215179,0.16425910592079163,0.0,0.2971272224731661
F88W_M255M_Y217Y,0.33332359790802,-0.449563205242157,0.782886803150177,0.33332359790802,0.375,0.1940700200349713
F88Y_M255A_Y217Y,0.3579067289829254,-0.4114872217178345,0.7693939507007599,0.3579067289829254,-0.125,0.2862955506682354
F88Y_M255I_Y217Y,0.4472571611404419,-0.31584396958351135,0.7631011307239532,0.4472571611404419,0.5,0.1674765618824888
F88Y_M255K_Y217Y,0.3120683431625366,-0.33350515365600586,0.6455734968185425,0.3120683431625366,0.375,0.2689429182099863
F88Y_M255M_Y217Y,0.3726024925708771,-0.34506863355636597,0.717671126127243,0.3726024925708771,0.5,0.2356092419933273
HQL2,1.3577747344970703,0.8333415985107422,0.5244331359863281,1.3577747344970703,0.3,0.1594661713721025
HQL2_M255I,1.267687439918518,0.5366110801696777,0.7310763597488403,1.267687439918518,-0.0499999999999999,0.200766929842332
RDP2,1.2031307220458984,0.7787275314331055,0.42440319061279297,1.2031307220458984,0.25,0.2049019897029208
RD_POS,1.4183918237686157,0.4157532751560211,1.0026385486125946,1.4183918237686157,-0.2999999999999999,0.2680495792558338
TrackF_r1,1.0596859455108643,0.5157511830329895,0.5439347624778748,1.0596859455108643,0.1,0.4269239968320795
TrackF_r1_M255I,1.372788429260254,0.8251147270202637,0.5476737022399902,1.372788429260254,0.25,0.2620488229626369
WT,0.3520185053348541,-0.4613621234893799,0.813380628824234,0.3520185053348541,0.5,0.2299275165277258
s13_c1,0.5828209519386292,-0.07163211703300476,0.6544530689716339,0.5828209519386292,0.45,0.458897297033799
