system,dl_act,dl_act_off,sep_true,v4_sep,v4_act,rank_v4sep,rank_dlact,comb,is_key
F88F_M255A_Y217Y,0.2395346760749817,-0.40334075689315796,0.23000000000000004,0.19636754108944432,0.5775012201934391,0.1,0.1,0.1,False
F88F_M255I_Y217Y,0.4146080017089844,-0.2225658893585205,0.26999999999999996,0.22007664456260906,0.6144191571230122,0.16666666666666666,0.4666666666666667,0.16666666666666666,False
F88F_M255K_Y217Y,0.36897364258766174,-0.3905628025531769,0.27999999999999997,0.31244515387901667,0.640501439962235,0.7,0.3,0.3,False
F88F_M255M_Y217Y,0.4087490439414978,-0.3542588949203491,0.16999999999999998,0.2901254635008624,0.6409629870943907,0.5,0.43333333333333335,0.43333333333333335,False
F88K_M255A_Y217Y,0.46795156598091125,-0.27386096119880676,0.41,0.3383398412467854,0.5725083554551557,0.8,0.6666666666666666,0.6666666666666666,False
F88K_M255I_Y217Y,0.5112108588218689,-0.14196136593818665,0.52,0.3537330260492554,0.6370392408120071,0.8666666666666667,0.7,0.7,False
F88K_M255K_Y217Y,0.42465800046920776,-0.22560423612594604,0.34,0.3098548815114427,0.6130908820614833,0.6333333333333333,0.5333333333333333,0.5333333333333333,False
F88K_M255M_Y217F,0.5169755816459656,-0.18955177068710327,0.17,0.39507741878592983,0.6585732285802491,1.0,0.7333333333333333,0.7333333333333333,False
F88K_M255M_Y217R,0.462565541267395,-0.27466094493865967,0.34,0.3339529630194521,0.5533506632173285,0.7666666666666667,0.6333333333333333,0.6333333333333333,False
F88K_M255M_Y217Y,0.6102070808410645,-0.1422918736934662,0.52,0.3841992459874352,0.6267009665455102,0.9666666666666667,0.8,0.8,False
F88R_M255A_Y217Y,0.38692519068717957,-0.29348820447921753,0.38,0.3104393118532445,0.5093028197465783,0.6666666666666666,0.36666666666666664,0.36666666666666664,False
F88R_M255I_Y217Y,0.4441825747489929,-0.1641252636909485,0.58,0.32647095021867806,0.6297667860737589,0.7333333333333333,0.5666666666666667,0.5666666666666667,False
F88R_M255K_Y217Y,0.39258095622062683,-0.28435781598091125,0.4,0.2940331019586595,0.6891194577425698,0.5333333333333333,0.4,0.4,False
F88R_M255M_Y217Y,0.41477078199386597,-0.15822196006774902,0.5,0.38277118880736716,0.6288298374079475,0.9333333333333333,0.5,0.5,False
F88W_M255A_Y217Y,0.20449060201644897,-0.5006744861602783,0.14,0.20876812392290733,0.5547810639623181,0.13333333333333333,0.06666666666666667,0.06666666666666667,False
F88W_M255I_Y217Y,0.25118643045425415,-0.4198276400566101,0.14000000000000007,0.22592881434797457,0.631152919167785,0.2,0.13333333333333333,0.13333333333333333,False
F88W_M255K_Y217Y,0.16425910592079163,-0.5431355834007263,0.25,0.30980656005578006,0.5720705307990007,0.6,0.03333333333333333,0.03333333333333333,False
F88W_M255M_Y217Y,0.33332359790802,-0.449563205242157,0.10000000000000003,0.3031460814575261,0.6418779423569304,0.5666666666666667,0.2,0.2,False
F88Y_M255A_Y217Y,0.3579067289829254,-0.4114872217178345,0.08000000000000007,0.24469857220561136,0.6405946777147097,0.26666666666666666,0.26666666666666666,0.26666666666666666,False
F88Y_M255I_Y217Y,0.4472571611404419,-0.31584396958351135,0.23999999999999994,0.2619639684396566,0.7015651329286176,0.43333333333333335,0.6,0.43333333333333335,False
F88Y_M255K_Y217Y,0.3120683431625366,-0.33350515365600586,0.23000000000000004,0.35819425901361857,0.6781294306082188,0.9,0.16666666666666666,0.16666666666666666,False
F88Y_M255M_Y217Y,0.3726024925708771,-0.34506863355636597,0.27999999999999997,0.2615948862248656,0.6863277290386295,0.4,0.3333333333333333,0.3333333333333333,False
HQL2,1.3577747344970703,0.8333415985107422,0.13,0.2276308091888396,0.8141026818109639,0.23333333333333334,0.9333333333333333,0.23333333333333334,True
HQL2_M255I,1.267687439918518,0.5366110801696777,0.0,0.11120737597138464,0.761391989856101,0.03333333333333333,0.9,0.03333333333333333,False
RDP2,1.2031307220458984,0.7787275314331055,0.2799999999999999,0.1908265310328413,0.42113925040212435,0.06666666666666667,0.8666666666666667,0.06666666666666667,False
RD_POS,1.4183918237686157,0.4157532751560211,0.010000000000000009,0.25841309167568044,0.675812938853084,0.36666666666666664,1.0,0.36666666666666664,True
TrackF_r1,1.0596859455108643,0.5157511830329895,0.29000000000000004,0.28038152486903567,0.8276764235955885,0.4666666666666667,0.8333333333333334,0.4666666666666667,True
TrackF_r1_M255I,1.372788429260254,0.8251147270202637,0.19999999999999996,0.25176326488241585,0.8868482883831951,0.3,0.9666666666666667,0.3,False
WT,0.3520185053348541,-0.4613621234893799,0.36000000000000004,0.25392689676675795,0.8198410970935005,0.3333333333333333,0.23333333333333334,0.23333333333333334,False
s13_c1,0.5828209519386292,-0.07163211703300476,0.5,0.3402258101458489,0.6409022635620206,0.8333333333333334,0.7666666666666667,0.7666666666666667,True
