system,sep_true,dl_act_s1,dl_act_off,dl_sep,act_true,off_true
F88F_M255A_Y217Y,0.29999999999999993,0.2395346760749817,-0.40334075689315796,0.6428754329681396,0.575,0.275
F88F_M255I_Y217Y,0.4,0.4146080017089844,-0.2225658893585205,0.6371738910675049,0.8,0.4
F88F_M255K_Y217Y,0.25000000000000006,0.36897364258766174,-0.3905628025531769,0.7595364451408386,0.55,0.3
F88F_M255M_Y217Y,0.27499999999999997,0.4087490439414978,-0.3542588949203491,0.7630079388618469,0.7,0.425
F88K_M255A_Y217Y,0.24999999999999994,0.46795156598091125,-0.27386096119880676,0.741812527179718,0.575,0.325
F88K_M255I_Y217Y,0.375,0.5112108588218689,-0.14196136593818665,0.6531722247600555,0.75,0.375
F88K_M255K_Y217Y,0.25,0.42465800046920776,-0.22560423612594604,0.6502622365951538,0.6,0.35
F88K_M255M_Y217F,0.32499999999999996,0.5169755816459656,-0.18955177068710327,0.7065273523330688,0.6,0.275
F88K_M255M_Y217R,0.42499999999999993,0.462565541267395,-0.27466094493865967,0.7372264862060547,0.825,0.4
F88K_M255M_Y217Y,0.625,0.6102070808410645,-0.1422918736934662,0.7524989545345306,0.825,0.2
F88R_M255A_Y217Y,0.375,0.38692519068717957,-0.29348820447921753,0.6804133951663971,0.65,0.275
F88R_M255I_Y217Y,0.625,0.4441825747489929,-0.1641252636909485,0.6083078384399414,0.75,0.125
F88R_M255K_Y217Y,0.425,0.39258095622062683,-0.28435781598091125,0.6769387722015381,0.6,0.175
F88R_M255M_Y217Y,0.6,0.41477078199386597,-0.15822196006774902,0.572992742061615,0.75,0.15
F88W_M255A_Y217Y,0.025000000000000022,0.20449060201644897,-0.5006744861602783,0.7051650881767273,0.525,0.5
F88W_M255I_Y217Y,0.07499999999999996,0.25118643045425415,-0.4198276400566101,0.6710140705108643,0.575,0.5
F88W_M255K_Y217Y,0.325,0.16425910592079163,-0.5431355834007263,0.7073946893215179,0.65,0.325
F88W_M255M_Y217Y,0.025000000000000022,0.33332359790802,-0.449563205242157,0.782886803150177,0.45,0.425
F88Y_M255A_Y217Y,-0.02499999999999991,0.3579067289829254,-0.4114872217178345,0.7693939507007599,0.55,0.575
F88Y_M255I_Y217Y,0.25,0.4472571611404419,-0.31584396958351135,0.7631011307239532,0.75,0.5
F88Y_M255K_Y217Y,0.32499999999999996,0.3120683431625366,-0.33350515365600586,0.6455734968185425,0.725,0.4
F88Y_M255M_Y217Y,0.29999999999999993,0.3726024925708771,-0.34506863355636597,0.717671126127243,0.825,0.525
HQL2,0.050000000000000044,1.3577747344970703,0.8333415985107422,0.5244331359863281,0.775,0.725
HQL2_M255I,-0.050000000000000044,1.267687439918518,0.5366110801696777,0.7310763597488403,0.75,0.8
RDP2,0.20000000000000007,1.2031307220458984,0.7787275314331055,0.42440319061279297,0.8,0.6
RD_POS,0.17500000000000004,1.4183918237686157,0.4157532751560211,1.0026385486125946,0.675,0.5
TrackF_F88R,0.1499999999999999,1.0168991088867188,0.41819286346435547,0.5987062454223633,0.825,0.675
TrackF_F88W,0.275,1.2323373556137085,0.6212161779403687,0.6111211776733398,0.675,0.4
TrackF_F88Y,0.32500000000000007,0.7939015626907349,0.2173020839691162,0.5765994787216187,0.9,0.575
TrackF_r1,0.17499999999999993,1.0596859455108643,0.5157511830329895,0.5439347624778748,0.95,0.775
TrackF_r1_M255I,0.07499999999999996,1.372788429260254,0.8251147270202637,0.5476737022399902,0.85,0.775
WT,0.37499999999999994,0.3520185053348541,-0.4613621234893799,0.813380628824234,0.825,0.45
WT_F88K,0.30000000000000004,0.6492036581039429,-0.08179640769958496,0.7310000658035278,0.8,0.5
WT_F88R,0.5,0.7330143451690674,-0.019394606351852417,0.7524089515209198,0.9,0.4
WT_F88W,0.375,0.6087214350700378,-0.3692261874675751,0.9779476225376129,0.525,0.15
WT_F88Y,0.325,1.1436092853546143,-0.03621131181716919,1.1798205971717834,0.65,0.325
s13_c1,0.45,0.5828209519386292,-0.07163211703300476,0.6544530689716339,0.65,0.2
