rh66,m255,y217,r253mut,anchor_state,n_mut,n_out53,lock_mut,anchor_mut,cat_mut,charge_anchor,charge_total,z,system,condition,cond,nt10,nt17,nt23,source,y_act,y_dual,y_dcat,y_d17,y_d23,y_iface,y_ntcov,kr_mut,anchor_kr,intro_pos,pred_act,pred_dual
F,A,Y,R,G_K_R,18,15,1,2,0,-1.0,-2.5,-0.8876928091049194,F88F_M255A_Y217Y,OFF_T_G17,OFF_T_G17,T,C,G,n100,0.32,0.0,6.0045,17.1475,29.01125,28.125,12.5,0,0,0,0.38113367910399476,0.021619924289764707
F,A,Y,R,G_K_R,18,15,1,2,0,-1.0,-2.5,-0.8876928091049194,F88F_M255A_Y217Y,S1_G17,S1_G17,G,G,T,n100,0.55,0.22,4.5153,13.805,15.34875,38.875,12.75,0,0,0,0.5775012201934391,0.19453940030662448
F,I,Y,R,G_K_R,18,15,1,2,0,-1.0,-2.5,-0.8876928091049194,F88F_M255I_Y217Y,OFF_T_G17,OFF_T_G17,T,C,G,n100,0.44,0.0,5.6666,18.12875,41.76625,25.125,11.5,0,0,0,0.39434251256040315,0.030653566633064778
F,I,Y,R,G_K_R,18,15,1,2,0,-1.0,-2.5,-0.8876928091049194,F88F_M255I_Y217Y,S1_G17,S1_G17,G,G,T,n100,0.71,0.24,3.9998,13.8425,18.21375,36.25,13.0,0,0,0,0.6144191571230122,0.20545273399238256
F,K,Y,R,G_K_R,18,15,1,2,0,-1.0,-1.5,-0.8876928091049194,F88F_M255K_Y217Y,OFF_T_G17,OFF_T_G17,T,C,G,n100,0.3,0.0,6.0284,15.59625,31.54625,42.25,17.125,1,0,0,0.3280562860832183,0.024541000034034956
F,K,Y,R,G_K_R,18,15,1,2,0,-1.0,-1.5,-0.8876928091049194,F88F_M255K_Y217Y,S1_G17,S1_G17,G,G,T,n100,0.58,0.13,4.3502,13.66,19.24375,37.75,14.875,1,0,0,0.640501439962235,0.21465192837321398
F,M,Y,R,G_K_R,17,15,0,2,0,-1.0,-2.5,-0.8876928091049194,F88F_M255M_Y217Y,OFF_T_G17,OFF_T_G17,T,C,G,n100,0.46,0.0,5.346799999999999,15.165,27.07,42.375,17.25,0,0,0,0.3508375235935283,-0.018806332449063788
F,M,Y,R,G_K_R,17,15,0,2,0,-1.0,-2.5,-0.8876928091049194,F88F_M255M_Y217Y,S1_G17,S1_G17,G,G,T,n100,0.63,0.32,4.021100000000001,14.0175,13.525,41.125,14.5,0,0,0,0.6409629870943907,0.10415718430195357
W,I,Y,R,G_K_R,19,15,1,2,0,-1.0,-2.5,-0.882717490196228,F88W_M255I_Y217Y,S1_G17,S1_G17,G,G,T,n100,0.55,0.13,4.4888,14.52375,16.335,43.25,16.0,0,0,0,0.631152919167785,0.19604965743545621
W,I,Y,R,G_K_R,19,15,1,2,0,-1.0,-2.5,-0.882717490196228,F88W_M255I_Y217Y,OFF_T_G17,OFF_T_G17,T,C,G,n100,0.41,0.0,5.5275,16.92,33.80875,30.625,14.125,0,0,0,0.40522410481981047,0.01207134022778993
W,A,Y,R,G_K_R,19,15,1,2,0,-1.0,-2.5,-0.882717490196228,F88W_M255A_Y217Y,S1_G17,S1_G17,G,G,T,n100,0.46,0.09,4.8083,10.73625,16.71625,40.5,16.125,0,0,0,0.5547810639623181,0.1821679534946197
W,A,Y,R,G_K_R,19,15,1,2,0,-1.0,-2.5,-0.882717490196228,F88W_M255A_Y217Y,OFF_T_G17,OFF_T_G17,T,C,G,n100,0.32,0.0,5.485,17.4625,38.81875,32.0,13.375,0,0,0,0.34601294003941074,6.991633881732958e-05
R,M,Y,R,G_K_R,18,15,0,2,0,-1.0,-1.5,-0.8827168941497803,F88R_M255M_Y217Y,S1_G17,S1_G17,G,G,T,n100,0.66,0.16,3.8979,13.3325,15.00375,42.25,14.875,1,0,0,0.6288298374079475,0.2263364248539209
R,M,Y,R,G_K_R,18,15,0,2,0,-1.0,-1.5,-0.8827168941497803,F88R_M255M_Y217Y,OFF_T_G17,OFF_T_G17,T,C,G,n100,0.16,0.0,6.0221,14.08375,18.5175,44.125,17.625,1,0,0,0.24605864860058038,0.047947525948234204
R,K,Y,R,G_K_R,19,15,1,2,0,-1.0,-0.5,-0.8827168941497803,F88R_M255K_Y217Y,S1_G17,S1_G17,G,G,T,n100,0.56,0.3,4.2482,5.15625,16.13375,39.0,15.0,1,0,0,0.6891194577425698,0.16311058387880592
R,K,Y,R,G_K_R,19,15,1,2,0,-1.0,-0.5,-0.8827168941497803,F88R_M255K_Y217Y,OFF_T_G17,OFF_T_G17,T,C,G,n100,0.16,0.0,6.136699999999999,16.2125,41.20375,27.25,14.0,1,0,0,0.39508635578391027,0.011782527262172106
R,I,Y,R,G_K_R,19,15,1,2,0,-1.0,-1.5,-0.8827168941497803,F88R_M255I_Y217Y,S1_G17,S1_G17,G,G,T,n100,0.71,0.29,3.8846,13.06625,29.005000000000003,49.25,17.125,1,0,0,0.6297667860737589,0.25368239459691333
R,I,Y,R,G_K_R,19,15,1,2,0,-1.0,-1.5,-0.8827168941497803,F88R_M255I_Y217Y,OFF_T_G17,OFF_T_G17,T,C,G,n100,0.13,0.0,6.1988,10.25625,29.4725,34.125,16.0,1,0,0,0.30329583585508085,0.056708353645833744
R,A,Y,R,G_K_R,19,15,1,2,0,-1.0,-1.5,-0.8827168941497803,F88R_M255A_Y217Y,S1_G17,S1_G17,G,G,T,n100,0.63,0.41,4.4030000000000005,7.13125,14.46625,40.75,15.125,1,0,0,0.5093028197465783,0.19792986373064272
R,A,Y,R,G_K_R,19,15,1,2,0,-1.0,-1.5,-0.8827168941497803,F88R_M255A_Y217Y,OFF_T_G17,OFF_T_G17,T,C,G,n100,0.25,0.0,5.668200000000001,12.44375,39.50125,27.875,13.5,1,0,0,0.1988635078933338,0.03332729557509125
K,M,Y,R,G_K_R,18,15,0,2,0,-1.0,-1.5,-0.8827316761016846,F88K_M255M_Y217Y,S1_G17,S1_G17,G,G,T,n100,0.74,0.29,3.6863,12.55875,17.69375,39.125,14.5,1,0,0,0.6267009665455102,0.43478593807720695
K,M,Y,R,G_K_R,18,15,0,2,0,-1.0,-1.5,-0.8827316761016846,F88K_M255M_Y217Y,OFF_T_G17,OFF_T_G17,T,C,G,n100,0.22,0.0,6.4143,13.1125,28.42625,37.625,15.625,1,0,0,0.242501720558075,-0.015142406224589889
K,M,R,R,G_K_R,19,15,1,2,0,-1.0,-0.5,-0.8827316761016846,F88K_M255M_Y217R,S1_G17,S1_G17,G,G,T,n100,0.65,0.02,4.1754,14.93875,18.6825,33.375,12.125,1,0,0,0.5533506632173285,0.36046302875027614
K,M,R,R,G_K_R,19,15,1,2,0,-1.0,-0.5,-0.8827316761016846,F88K_M255M_Y217R,OFF_T_G17,OFF_T_G17,T,C,G,n100,0.31,0.0,6.1824,18.905,25.865,28.75,12.625,1,0,0,0.21939770019787638,-0.03017292378316955
K,M,F,R,G_K_R,19,15,1,2,0,-1.0,-1.5,-0.8827316761016846,F88K_M255M_Y217F,S1_G17,S1_G17,G,G,T,n100,0.38,0.21,5.1864,7.05375,4.4275,41.25,15.0,1,0,0,0.6585732285802491,0.34449097990376426
K,M,F,R,G_K_R,19,15,1,2,0,-1.0,-1.5,-0.8827316761016846,F88K_M255M_Y217F,OFF_T_G17,OFF_T_G17,T,C,G,n100,0.21,0.0,7.312200000000001,17.19875,34.79875,32.375,15.875,1,0,0,0.2634958097943193,-0.03210518883234515
K,K,Y,R,G_K_R,19,15,1,2,0,-1.0,-0.5,-0.8827316761016846,F88K_M255K_Y217Y,S1_G17,S1_G17,G,G,T,n100,0.67,0.35,4.0775,10.29625,9.00375,33.75,12.5,1,0,0,0.6130908820614833,0.40482156450856244
K,K,Y,R,G_K_R,19,15,1,2,0,-1.0,-0.5,-0.8827316761016846,F88K_M255K_Y217Y,OFF_T_G17,OFF_T_G17,T,C,G,n100,0.33,0.0,5.95,12.39625,30.99,30.0,13.875,1,0,0,0.30323600055004063,-0.015012442289509471
Y,M,Y,R,G_K_R,18,15,0,2,0,-1.0,-2.5,-0.882706880569458,F88Y_M255M_Y217Y,S1_G17,S1_G17,G,G,T,n100,0.72,0.17,3.6134,16.8325,21.84,38.75,14.0,0,0,0,0.6863277290386295,0.22798978580694065
Y,M,Y,R,G_K_R,18,15,0,2,0,-1.0,-2.5,-0.882706880569458,F88Y_M255M_Y217Y,OFF_T_G17,OFF_T_G17,T,C,G,n100,0.44,0.0,5.3635,16.23375,22.74875,43.875,19.5,0,0,0,0.4247328428137639,0.0180722185803672
Y,K,Y,R,G_K_R,19,15,1,2,0,-1.0,-1.5,-0.882706880569458,F88Y_M255K_Y217Y,S1_G17,S1_G17,G,G,T,n100,0.64,0.25,4.1587,12.4275,20.7025,42.5,13.875,1,0,0,0.6781294306082188,0.24506836373879048
Y,K,Y,R,G_K_R,19,15,1,2,0,-1.0,-1.5,-0.882706880569458,F88Y_M255K_Y217Y,OFF_T_G17,OFF_T_G17,T,C,G,n100,0.41,0.0,5.632999999999999,13.835,30.1275,37.0,16.5,1,0,0,0.3199351715946003,0.0208618017000806
Y,I,Y,R,G_K_R,19,15,1,2,0,-1.0,-2.5,-0.882706880569458,F88Y_M255I_Y217Y,S1_G17,S1_G17,G,G,T,n100,0.7,0.27,3.8544,9.3425,14.6225,40.375,13.875,0,0,0,0.7015651329286176,0.2681459802412739
Y,I,Y,R,G_K_R,19,15,1,2,0,-1.0,-2.5,-0.882706880569458,F88Y_M255I_Y217Y,OFF_T_G17,OFF_T_G17,T,C,G,n100,0.46,0.0,5.2651,15.36875,33.5775,40.25,17.25,0,0,0,0.43960116448896097,0.033442723659881525
Y,A,Y,R,G_K_R,19,15,1,2,0,-1.0,-2.5,-0.882706880569458,F88Y_M255A_Y217Y,S1_G17,S1_G17,G,G,T,n100,0.56,0.28,4.623,14.31625,14.57875,42.25,14.25,0,0,0,0.6405946777147097,0.251720722697825
Y,A,Y,R,G_K_R,19,15,1,2,0,-1.0,-2.5,-0.882706880569458,F88Y_M255A_Y217Y,OFF_T_G17,OFF_T_G17,T,C,G,n100,0.48,0.0,5.5748,18.71875,39.62625,32.375,13.75,0,0,0,0.3958961055090983,0.033268679272760567
W,M,Y,R,G_K_R,18,15,0,2,0,-1.0,-2.5,-0.882717490196228,F88W_M255M_Y217Y,S1_G17,S1_G17,G,G,T,n100,0.51,0.12,4.6176,14.08875,25.92625,38.75,14.25,0,0,0,0.6418779423569304,0.12673149802325068
W,M,Y,R,G_K_R,18,15,0,2,0,-1.0,-2.5,-0.882717490196228,F88W_M255M_Y217Y,OFF_T_G17,OFF_T_G17,T,C,G,n100,0.41,0.0,5.5006,15.01375,37.81875,36.5,15.0,0,0,0,0.3387318608994043,-0.02554220661563456
W,K,Y,R,G_K_R,19,15,1,2,0,-1.0,-1.5,-0.882717490196228,F88W_M255K_Y217Y,S1_G17,S1_G17,G,G,T,n100,0.6,0.05,4.3055,11.40625,17.23875,38.25,14.125,1,0,0,0.5720705307990007,0.17852725272532805
W,K,Y,R,G_K_R,19,15,1,2,0,-1.0,-1.5,-0.882717490196228,F88W_M255K_Y217Y,OFF_T_G17,OFF_T_G17,T,C,G,n100,0.35,0.0,5.8032,16.34625,36.48125,37.0,14.75,1,0,0,0.26226397074322066,0.0032972932302095096
K,I,Y,R,G_K_R,19,15,1,2,0,-1.0,-1.5,-0.8827316761016846,F88K_M255I_Y217Y,S1_G17,S1_G17,G,G,T,n100,0.79,0.53,3.7435,4.83125,7.231249999999999,42.0,14.375,1,0,0,0.6370392408120071,0.42787644790171014
K,I,Y,R,G_K_R,19,15,1,2,0,-1.0,-1.5,-0.8827316761016846,F88K_M255I_Y217Y,OFF_T_G17,OFF_T_G17,T,C,G,n100,0.27,0.0,6.3657,14.82,36.625,31.25,13.375,1,0,0,0.28330621476275175,-0.0014324498493861239
K,A,Y,R,G_K_R,19,15,1,2,0,-1.0,-1.5,-0.8827316761016846,F88K_M255A_Y217Y,S1_G17,S1_G17,G,G,T,n100,0.61,0.46,4.3133,9.73625,10.645,36.5,14.875,1,0,0,0.5725083554551557,0.42362768384344524
K,A,Y,R,G_K_R,19,15,1,2,0,-1.0,-1.5,-0.8827316761016846,F88K_M255A_Y217Y,OFF_T_G17,OFF_T_G17,T,C,G,n100,0.2,0.0,6.738,14.7075,33.1825,21.75,12.5,1,0,0,0.23416851420837026,-0.0016814122421861199
K,I,Y,R,R_K_R,16,13,1,1,0,0.0,1.5,-0.6612114906311035,TrackF_r1_M255I,S1_G17,S1_G17,G,G,T,n100,0.85,0.49,3.4508,6.4785,16.4745,40.85,15.0,0,0,1,0.8868482883831951,0.5664664023152078
K,I,Y,R,R_K_R,16,13,1,1,0,0.0,1.5,-0.6612114906311035,TrackF_r1_M255I,OFF_T_G17,OFF_T_G17,T,C,G,n100,0.65,0.0,4.2753,14.457999999999998,33.126,31.15,12.65,0,0,1,0.6350850235007792,0.06987052458670003
K,I,Y,R,R_R_R,10,8,1,0,0,0.0,2.5,-0.6612114906311035,HQL2_M255I,S1_G17,S1_G17,G,G,T,n100,0.75,0.64,3.9132,5.1105,3.1915,41.75,14.4,0,0,1,0.761391989856101,0.5248535601933206
K,I,Y,R,R_R_R,10,8,1,0,0,0.0,2.5,-0.6612114906311035,HQL2_M255I,OFF_T_G17,OFF_T_G17,T,C,G,n100,0.75,0.0,3.699,12.4595,35.671499999999995,35.35,14.1,0,0,1,0.6501846138847164,0.038235594313128694
K,M,Y,R,R_K_R,15,13,0,1,0,0.0,1.5,-0.6612114906311035,TrackF_r1,S1_G17,S1_G17,G,G,T,n100,0.91,0.59,3.1214,7.342499999999999,13.5915,40.3,14.55,0,0,1,0.8276764235955885,0.4812024109935817
K,M,Y,R,R_K_R,15,13,0,1,0,0.0,1.5,-0.6612114906311035,TrackF_r1,OFF_T_G17,OFF_T_G17,T,C,G,n100,0.62,0.0,4.4625,13.0715,36.16,27.4,11.25,0,0,1,0.5472948987265528,0.010690343788539917
R,K,R,R,R_R_R,6,3,2,0,0,0.0,6.0,-0.7988406419754028,RD_POS,S1_G17,S1_G17,G,G,T,n100,0.51,0.02,5.3173,9.985,8.4665,33.15,16.15,0,0,1,0.675812938853084,0.08916819150399796
R,K,R,R,R_R_R,6,3,2,0,0,0.0,6.0,-0.7988406419754028,RD_POS,OFF_T_G17,OFF_T_G17,T,C,G,n100,0.5,0.0,6.056799999999999,13.330000000000002,10.1315,34.7,16.45,0,0,1,0.4173998471774036,-0.03354174256715544
F,M,Y,R,R_R_R,0,0,0,0,0,0.0,0.0,-0.0556890293955802,WT,OFF_T_G17,OFF_T_G17,T,C,G,n100,0.42,0.0,5.646,18.8005,13.6595,36.0,16.2,0,0,0,0.5659142003267426,0.027567775503945253
F,M,Y,R,R_R_R,0,0,0,0,0,0.0,0.0,-0.0556890293955802,WT,S1_G17,S1_G17,G,G,T,n100,0.78,0.11,3.653,10.3065,12.989499999999998,39.45,13.8,0,0,0,0.8198410970935005,0.281477036419877
K,I,Y,R,G_K_R,19,15,1,2,0,-1.0,-1.5,-0.8827316761016846,s13_c1,OFF_T_G17,OFF_T_G17,T,C,G,n100,0.23,0.0,6.723400000000001,15.4545,35.8435,29.75,13.8,0,0,0,0.3006764534161717,0.006430988648017741
K,I,Y,R,G_K_R,19,15,1,2,0,-1.0,-1.5,-0.8827316761016846,s13_c1,S1_G17,S1_G17,G,G,T,n100,0.73,0.47,3.9783,11.8335,13.9635,40.25,14.95,0,0,0,0.6409022635620206,0.44166135963528236
K,M,Y,R,R_R_R,9,8,0,0,0,0.0,2.5,-0.6612114906311035,HQL2,OFF_T_G17,OFF_T_G17,T,C,G,n100,0.68,0.0,3.9003,13.399,35.316500000000005,30.2,12.75,0,0,1,0.5864718726221243,0.009560317767739274
K,M,Y,R,R_R_R,9,8,0,0,0,0.0,2.5,-0.6612114906311035,HQL2,S1_G17,S1_G17,G,G,T,n100,0.81,0.72,3.58,4.2635,4.7275,41.4,13.6,0,0,1,0.8141026818109639,0.45155070047656143
R,K,R,R,R_R_R,14,11,2,0,0,0.0,8.0,-0.9729664325714112,RDP2,OFF_T_G17,OFF_T_G17,T,C,G,n100,0.55,0.0,5.0138,14.7655,7.1915,34.75,16.95,0,0,1,0.23031271936928305,0.04139550868032609
R,K,R,R,R_R_R,14,11,2,0,0,0.0,8.0,-0.9729664325714112,RDP2,S1_G17,S1_G17,G,G,T,n100,0.83,0.02,3.0438,15.65,23.7755,30.6,12.75,0,0,1,0.42113925040212435,0.18872272179506427
F,Q,Y,R,R_R_R,12,11,1,0,0,0.0,4.5,-0.8957902193069458,e1,GCA,GCA,T,G,T,old,0.1,0.05,5.704,3.4865000000000004,25.8665,,,0,0,1,0.2849639198752968,0.07630012901707578
F,Q,Y,R,R_R_R,12,11,1,0,0,0.0,4.5,-0.8957902193069458,e1,OFF_T_G17,OFF_T_G17,T,C,G,old,0.2,0.0,5.485,13.7945,11.434,,,0,0,1,0.26022293387330603,0.000536553180441448
F,Q,Y,R,R_R_R,12,11,1,0,0,0.0,4.5,-0.8957902193069458,e1,S1_G17,S1_G17,G,G,T,old,0.55,0.1,4.63,7.6345,21.1565,,,0,0,1,0.45197663606958605,0.09616483717342303
N,M,Y,R,R_R_R,12,11,0,0,0,0.0,3.0,-0.7685083150863647,e10,GCA,GCA,T,G,T,old,0.7,0.3,4.226,4.556,15.263,,,0,0,1,0.2815238190307075,0.09669324955966123
N,M,Y,R,R_R_R,12,11,0,0,0,0.0,3.0,-0.7682914733886719,e7,GCA,GCA,T,G,T,old,0.25,0.25,5.5475,5.235,11.636,,,0,0,1,0.35849533500328784,0.08440334366163031
F,Q,Y,R,R_R_R,12,11,1,0,0,0.0,5.0,-0.836727499961853,e6,S1_G17,S1_G17,G,G,T,old,0.4,0.0,5.3865,9.853,21.492,,,0,0,1,0.45825289908768446,0.0969295990556714
F,Q,Y,R,R_R_R,12,11,1,0,0,0.0,5.0,-0.836727499961853,e6,OFF_T_G17,OFF_T_G17,T,C,G,old,0.25,0.0,5.785,14.9235,13.191,,,0,0,1,0.2436128981789923,-0.021733607004187343
F,Q,Y,R,R_R_R,12,11,1,0,0,0.0,5.0,-0.836727499961853,e6,GCA,GCA,T,G,T,old,0.25,0.1,5.228,4.714,29.802,,,0,0,1,0.24942199986431166,0.05693476057924514
F,Q,Y,R,R_H_R,12,10,1,1,0,-0.5,1.0,-0.7909189462661743,e5,S1_G17,S1_G17,G,G,T,old,0.7,0.1,4.3145,10.972,15.3935,,,0,0,1,0.41181365333662134,0.07390787463658766
F,Q,Y,R,R_H_R,12,10,1,1,0,-0.5,1.0,-0.7909189462661743,e5,OFF_T_G17,OFF_T_G17,T,C,G,old,0.25,0.0,6.0695,20.196,19.7555,,,0,0,1,0.21301493463343948,-0.06539066595517129
F,Q,Y,R,R_H_R,12,10,1,1,0,-0.5,1.0,-0.7909189462661743,e5,GCA,GCA,T,G,T,old,0.4,0.0,4.87,6.776999999999999,29.549,,,0,0,1,0.21444484997261026,0.038799520030419817
F,Q,Y,R,R_H_R,12,10,1,1,0,-0.5,1.0,-0.790898323059082,e4,S1_G17,S1_G17,G,G,T,old,0.35,0.05,4.93,16.101,18.3345,,,0,0,1,0.6676968482526571,0.09420484340350435
F,Q,Y,R,R_H_R,12,10,1,1,0,-0.5,1.0,-0.790898323059082,e4,OFF_T_G17,OFF_T_G17,T,C,G,old,0.25,0.0,5.6695,19.959,17.768,,,0,0,1,0.2935795833466748,-0.05231920341250054
F,Q,Y,R,R_H_R,12,10,1,1,0,-0.5,1.0,-0.790898323059082,e4,GCA,GCA,T,G,T,old,0.2,0.0,5.2435,5.0775,20.367,,,0,0,1,0.3733270755264888,0.04701393291894252
Q,M,Y,R,R_R_R,12,11,0,0,0,0.0,2.5,-0.8214524984359741,e3,S1_G17,S1_G17,G,G,T,old,0.7625,0.125,3.627375,9.785125,14.333125,,,0,0,1,0.6143513990436192,0.14392616159527027
Q,M,Y,R,R_R_R,12,11,0,0,0,0.0,2.5,-0.8214524984359741,e3,OFF_T_G17,OFF_T_G17,T,C,G,old,0.2,0.0,6.0385,18.03375,20.451375,,,0,0,1,0.30202583088276297,0.01683684640776096
Q,M,Y,R,R_R_R,12,11,0,0,0,0.0,2.5,-0.8214524984359741,e3,GCA,GCA,T,G,T,old,0.05,0.0,6.0575,7.489750000000001,6.801,,,0,0,1,0.3486820838165389,0.13720027211197214
S,H,Y,R,R_R_R,12,10,1,0,0,0.0,1.5,-0.9825648069381714,e24,S1_G17,S1_G17,G,G,T,old,0.55,0.0,4.872,11.218,23.8345,,,0,0,1,0.5154270368549388,0.20700680874027103
S,H,Y,R,R_R_R,12,10,1,0,0,0.0,1.5,-0.9825648069381714,e24,OFF_T_G17,OFF_T_G17,T,C,G,old,0.15,0.0,6.3765,15.3385,30.07,,,0,0,1,0.19354536540786452,0.036132047379142225
S,H,Y,R,R_R_R,12,10,1,0,0,0.0,1.5,-0.9825648069381714,e24,GCA,GCA,T,G,T,old,0.25,0.0,6.0335,11.327,30.0895,,,0,0,1,0.3644134176571292,0.22164066091795617
Y,H,Y,R,R_R_R,12,10,1,0,0,0.0,1.5,-0.9825822114944458,e23,S1_G17,S1_G17,G,G,T,old,0.6,0.45,4.8950000000000005,9.9395,13.997,,,0,0,1,0.5536545784463184,0.11680092613926876
Y,H,Y,R,R_R_R,12,10,1,0,0,0.0,1.5,-0.9825822114944458,e23,OFF_T_G17,OFF_T_G17,T,C,G,old,0.2,0.0,6.503,13.649,28.587,,,0,0,1,0.2682484455638783,0.018733417157140865
Y,H,Y,R,R_R_R,12,10,1,0,0,0.0,1.5,-0.9825822114944458,e23,GCA,GCA,T,G,T,old,0.65,0.5,4.7925,6.922499999999999,17.232,,,0,0,1,0.3839871722694512,0.11860392947394192
Y,H,Y,R,R_R_R,12,10,1,0,0,0.0,1.5,-0.9825822114944458,e22,S1_G17,S1_G17,G,G,T,old,0.55,0.05,4.5495,11.348,26.351,,,0,0,1,0.5816441062899782,0.32045805584710657
N,M,Y,R,R_R_R,12,11,0,0,0,0.0,3.0,-0.7682914733886719,e7,OFF_T_G17,OFF_T_G17,T,C,G,old,0.25,0.0,5.721,22.2165,29.5225,,,0,0,1,0.29581785743847216,-0.02392295980628128
N,M,Y,R,R_R_R,12,11,0,0,0,0.0,3.0,-0.7682914733886719,e7,S1_G17,S1_G17,G,G,T,old,0.55,0.2,4.481,10.7045,11.721,,,0,0,1,0.6451621569681483,0.18328348975520692
N,M,Y,R,R_R_R,12,11,0,0,0,0.0,3.0,-0.7683732509613037,e8,GCA,GCA,T,G,T,old,0.3,0.05,5.4775,5.659000000000001,16.1615,,,0,0,1,0.3705815378153486,0.1347369986329479
N,M,Y,R,R_R_R,12,11,0,0,0,0.0,3.0,-0.7683732509613037,e8,OFF_T_G17,OFF_T_G17,T,C,G,old,0.05,0.0,6.116,23.5045,30.611,,,0,0,1,0.31911196495887756,0.00787872692090497
F,N,Y,R,R_R_R,12,11,1,0,0,0.0,2.0,-0.9922469854354858,e11,S1_G17,S1_G17,G,G,T,old,0.2,0.1,5.162,14.151,26.52,,,0,0,1,0.4903615813236145,0.12931708862113306
F,N,Y,R,R_R_R,12,11,1,0,0,0.0,2.0,-0.9923585653305054,e12,GCA,GCA,T,G,T,old,0.15,0.1,5.621499999999999,6.133,35.786500000000004,,,0,0,1,0.35219505194668227,0.1411547771703352
F,N,Y,R,R_R_R,12,11,1,0,0,0.0,2.0,-0.9923585653305054,e12,OFF_T_G17,OFF_T_G17,T,C,G,old,0.55,0.0,5.0685,18.818,18.228,,,0,0,1,0.2651374908203554,-0.008602354167828742
F,N,Y,R,R_R_R,12,11,1,0,0,0.0,2.0,-0.9923585653305054,e12,S1_G17,S1_G17,G,G,T,old,0.4,0.0,4.9405,16.6875,24.9985,,,0,0,1,0.483786727289938,0.1489215666477895
N,M,Y,R,R_R_R,12,11,0,0,0,0.0,3.0,-0.7685083150863647,e10,OFF_T_G17,OFF_T_G17,T,C,G,old,0.5,0.0,5.366,24.8055,24.016,,,0,0,1,0.23294397660244773,0.011225872571459645
N,M,Y,R,R_R_R,12,11,0,0,0,0.0,3.0,-0.7685083150863647,e10,S1_G17,S1_G17,G,G,T,old,0.65,0.3,4.572,6.7475,10.7205,,,0,0,1,0.6239604351569003,0.1328060770278122
F,N,Y,R,R_R_R,12,11,1,0,0,0.0,2.0,-0.9922469854354858,e11,GCA,GCA,T,G,T,old,0.45,0.0,5.0655,6.6545000000000005,35.348,,,0,0,1,0.3193394193952052,0.14960173304949562
F,N,Y,R,R_R_R,12,11,1,0,0,0.0,2.0,-0.9922469854354858,e11,OFF_T_G17,OFF_T_G17,T,C,G,old,0.45,0.0,6.239,15.6725,16.822499999999998,,,0,0,1,0.2821853997012656,-0.007459509515274676
F,N,Y,R,R_R_R,12,11,1,0,0,0.0,2.5,-0.9550981521606444,e19,S1_G17,S1_G17,G,G,T,old,0.25,0.15,5.096500000000001,10.5335,21.8815,,,0,0,1,0.4859558739830724,0.23291158022846908
F,Q,Y,R,R_R_R,12,11,1,0,0,0.0,4.5,-0.83670973777771,e2,GCA,GCA,T,G,T,old,0.25,0.1,5.613,4.2780000000000005,34.0125,,,0,0,1,0.24388300311565347,0.050610809451117705
F,Q,Y,R,R_R_R,12,11,1,0,0,0.0,4.5,-0.83670973777771,e2,OFF_T_G17,OFF_T_G17,T,C,G,old,0.35,0.0,5.404999999999999,13.8465,7.850499999999999,,,0,0,1,0.2187507773023902,-0.029525867141642192
F,Q,Y,R,R_R_R,12,11,1,0,0,0.0,4.5,-0.83670973777771,e2,S1_G17,S1_G17,G,G,T,old,0.35,0.05,4.941,16.4605,25.5205,,,0,0,1,0.44814715468803645,0.08746518100882972
N,H,Y,R,R_R_R,12,10,1,0,0,0.0,1.5,-0.9826756715774536,e20,GCA,GCA,T,G,T,old,0.3,0.0,5.83,9.6745,30.6645,,,0,0,1,0.3656900463417366,0.07534392870045604
N,H,Y,R,R_R_R,12,10,1,0,0,0.0,1.5,-0.9826756715774536,e20,OFF_T_G17,OFF_T_G17,T,C,G,old,0.2,0.0,6.221,12.522,30.1295,,,0,0,1,0.22130168869088862,-0.07039366544228051
N,H,Y,R,R_R_R,12,10,1,0,0,0.0,1.5,-0.9826756715774536,e20,S1_G17,S1_G17,G,G,T,old,0.35,0.0,5.401,12.809,23.986,,,0,0,1,0.5461908257487976,0.08191281447827824
N,N,Y,R,R_R_R,12,10,1,0,0,0.0,1.0,-0.9427057504653932,e21,GCA,GCA,T,G,T,old,0.25,0.0,5.4,6.003,36.3395,,,0,0,1,0.2831669892650135,0.2027924579002959
N,N,Y,R,R_R_R,12,10,1,0,0,0.0,1.0,-0.9427057504653932,e21,OFF_T_G17,OFF_T_G17,T,C,G,old,0.45,0.0,5.6045,20.2855,25.166,,,0,0,1,0.17747553383019102,0.05687877585018759
N,N,Y,R,R_R_R,12,10,1,0,0,0.0,1.0,-0.9427057504653932,e21,S1_G17,S1_G17,G,G,T,old,0.65,0.0,4.0455,13.037,25.910500000000003,,,0,0,1,0.46031933614517806,0.205932106068107
Y,H,Y,R,R_R_R,12,10,1,0,0,0.0,1.5,-0.9825822114944458,e22,GCA,GCA,T,G,T,old,0.6,0.15,5.1375,8.0465,26.69,,,0,0,1,0.4318097797397268,0.328423004990805
Y,H,Y,R,R_R_R,12,10,1,0,0,0.0,1.5,-0.9825822114944458,e22,OFF_T_G17,OFF_T_G17,T,C,G,old,0.05,0.0,6.522499999999999,14.264500000000002,26.8515,,,0,0,1,0.31630323999614035,0.11745316982871504
N,M,Y,R,R_R_R,12,11,0,0,0,0.0,3.0,-0.7683135271072388,e13,GCA,GCA,T,G,T,old,0.3625,0.075,5.379,5.39425,15.282,,,0,0,1,0.2854391738937689,0.13030972409402836
N,M,Y,R,R_R_R,12,11,0,0,0,0.0,3.0,-0.7683135271072388,e13,OFF_T_G17,OFF_T_G17,T,C,G,old,0.2625,0.0,5.839875,22.098125,30.20625,,,0,0,1,0.24340510779509617,-0.013330188604256079
N,M,Y,R,R_R_R,12,11,0,0,0,0.0,3.0,-0.7683135271072388,e13,S1_G17,S1_G17,G,G,T,old,0.7125,0.2125,3.963375,9.87275,11.562875,,,0,0,1,0.5502556229761842,0.18557622880403307
N,M,Y,R,R_R_R,12,11,0,0,0,0.0,3.0,-0.7682898044586182,e14,GCA,GCA,T,G,T,old,0.4,0.0,4.6465000000000005,6.0595,11.454,,,0,0,1,0.3136219854053686,0.16403919010088658
N,M,Y,R,R_R_R,12,11,0,0,0,0.0,3.0,-0.7682898044586182,e14,OFF_T_G17,OFF_T_G17,T,C,G,old,0.3,0.0,5.4835,20.93,33.266,,,0,0,1,0.2664594307464561,0.013848338261970605
N,M,Y,R,R_R_R,12,11,0,0,0,0.0,3.0,-0.7682898044586182,e14,S1_G17,S1_G17,G,G,T,old,0.65,0.15,3.989,7.865,7.345000000000001,,,0,0,1,0.6011213813794999,0.21498842907089907
N,N,Y,R,R_R_R,12,10,1,0,0,0.0,1.0,-0.9826756715774536,e15,GCA,GCA,T,G,T,old,0.35,0.0,6.1985,10.792,26.2575,,,0,0,1,0.3370230751924929,0.06772534032205763
N,N,Y,R,R_R_R,12,10,1,0,0,0.0,1.0,-0.9826756715774536,e15,OFF_T_G17,OFF_T_G17,T,C,G,old,0.1,0.0,6.409000000000001,13.179999999999998,30.1405,,,0,0,1,0.35094755794656235,-0.05702098370377381
N,N,Y,R,R_R_R,12,10,1,0,0,0.0,1.0,-0.9826756715774536,e15,S1_G17,S1_G17,G,G,T,old,0.55,0.1,4.48,12.1505,17.0865,,,0,0,1,0.49975630090067574,0.05288849450114203
F,N,Y,R,R_R_R,12,11,1,0,0,0.0,0.0,-0.9928479194641112,e16,GCA,GCA,T,G,T,old,0.3,0.3,5.585,6.225,19.9115,,,0,0,0,0.33288200289402214,0.04608028471119439
F,N,Y,R,R_R_R,12,11,1,0,0,0.0,0.0,-0.9928479194641112,e16,OFF_T_G17,OFF_T_G17,T,C,G,old,0.4,0.0,5.5365,19.302,15.482499999999998,,,0,0,0,0.2852102462082986,-0.041446471464585986
F,N,Y,R,R_R_R,12,11,1,0,0,0.0,0.0,-0.9928479194641112,e16,S1_G17,S1_G17,G,G,T,old,0.6,0.15,4.3155,14.2715,15.4965,,,0,0,0,0.5074143375620828,0.0620253218810279
F,N,Y,R,R_R_R,12,11,1,0,0,0.0,2.0,-0.9550981521606444,e17,GCA,GCA,T,G,T,old,0.35,0.3,5.1325,4.6355,27.0785,,,0,0,1,0.24139856757255165,0.09766106051698936
F,N,Y,R,R_R_R,12,11,1,0,0,0.0,2.0,-0.9550981521606444,e17,OFF_T_G17,OFF_T_G17,T,C,G,old,0.25,0.0,7.484,20.8305,17.4125,,,0,0,1,0.1931848849201169,-0.015064847486527243
F,N,Y,R,R_R_R,12,11,1,0,0,0.0,2.0,-0.9550981521606444,e17,S1_G17,S1_G17,G,G,T,old,0.35,0.45,5.285,7.9365,6.838500000000001,,,0,0,1,0.4162010388117828,0.08225404757492
Y,H,Y,R,R_R_R,12,10,1,0,0,0.0,1.5,-0.9825820922851562,e18,GCA,GCA,T,G,T,old,0.4875,0.2625,5.22875,7.29875,25.54025,,,0,0,1,0.4343388525822229,0.2308120925345356
Y,H,Y,R,R_R_R,12,10,1,0,0,0.0,1.5,-0.9825820922851562,e18,OFF_T_G17,OFF_T_G17,T,C,G,old,0.0625,0.0,6.821250000000001,12.07325,27.561375,,,0,0,1,0.29644812233702855,0.07254041437107132
Y,H,Y,R,R_R_R,12,10,1,0,0,0.0,1.5,-0.9825820922851562,e18,S1_G17,S1_G17,G,G,T,old,0.6875,0.35,4.5443750000000005,7.889749999999999,20.264000000000003,,,0,0,1,0.5616073329062164,0.20216185360576064
F,N,Y,R,R_R_R,12,11,1,0,0,0.0,2.5,-0.9550981521606444,e19,GCA,GCA,T,G,T,old,0.25,0.35,5.282,5.425,12.594,,,0,0,1,0.30649350224099814,0.21990402512709611
F,N,Y,R,R_R_R,12,11,1,0,0,0.0,2.5,-0.9550981521606444,e19,OFF_T_G17,OFF_T_G17,T,C,G,old,0.1,0.0,6.824,19.4315,8.001999999999999,,,0,0,1,0.23898915492328715,0.08520336784793293
Q,M,Y,R,R_R_R,12,11,0,0,0,0.0,3.5,-0.8214693069458008,w4,GCA,GCA,T,G,T,old,0.2,0.0125,5.35325,8.904,10.567,,,0,0,1,0.32926054076048716,0.09181069621510356
Q,M,Y,R,R_R_R,12,11,0,0,0,0.0,3.5,-0.8214693069458008,w4,OFF_T_G17,OFF_T_G17,T,C,G,old,0.2625,0.0,5.530125,17.008125,20.918625,,,0,0,1,0.29728434583707397,-0.0002804121258582569
Q,M,Y,R,R_R_R,12,11,0,0,0,0.0,3.5,-0.8214693069458008,w4,S1_G17,S1_G17,G,G,T,old,0.8625,0.025,2.986,13.742375,26.04375,,,0,0,1,0.5800012236854779,0.1161501415628398
N,M,Y,R,R_R_R,12,11,0,0,0,0.0,3.0,-0.7685083150863647,e9,S1_G17,S1_G17,G,G,T,old,0.65,0.15,4.0665,5.8745,11.8995,,,0,0,1,0.7327259705482322,0.23814201406211974
N,M,Y,R,R_R_R,12,11,0,0,0,0.0,3.0,-0.7685083150863647,e9,OFF_T_G17,OFF_T_G17,T,C,G,old,0.2,0.0,5.7995,29.188,24.975,,,0,0,1,0.4061429702041245,0.029878881073333655
N,M,Y,R,R_R_R,12,11,0,0,0,0.0,3.0,-0.7685083150863647,e9,GCA,GCA,T,G,T,old,0.4,0.15,5.4955,6.7005,10.645,,,0,0,1,0.45989499231031516,0.1614698938854197
N,M,Y,R,R_R_R,12,11,0,0,0,0.0,3.0,-0.7683732509613037,e8,S1_G17,S1_G17,G,G,T,old,0.55,0.15,4.761,9.388,14.268,,,0,0,1,0.6319017292805988,0.19981830775466145
F,M,Y,R,R_R_R,0,0,0,0,0,0.0,0.0,-0.0556890293955802,F88Y_Y170F,S1_G17,S1_G17,G,G,T,v3cand,0.75,,,,,,,0,0,0,0.8216705013670283,
F,M,Y,R,R_R_R,0,0,0,0,0,0.0,0.0,-0.0556890293955802,F88Y_Y170F,OFF_T_G17,OFF_T_G17,T,C,G,v3cand,0.4,,,,,,,0,0,0,0.5710524996793738,
F,M,Y,R,R_R_R,0,0,0,0,0,0.0,0.0,-0.0556890293955802,K216R,S1_G17,S1_G17,G,G,T,v3cand,0.95,,,,,,,1,0,0,0.800903316597372,
F,M,Y,R,R_R_R,0,0,0,0,0,0.0,0.0,-0.0556890293955802,K216R,OFF_T_G17,OFF_T_G17,T,C,G,v3cand,0.5,,,,,,,1,0,0,0.5530442784101746,
F,M,Y,R,R_R_R,0,0,0,0,0,0.0,0.0,-0.0556890293955802,K216R_Y170F_Q120V,S1_G17,S1_G17,G,G,T,v3cand,0.9,,,,,,,1,0,0,0.8017642069994502,
F,M,Y,R,R_R_R,0,0,0,0,0,0.0,0.0,-0.0556890293955802,K216R_Y170F_Q120V,OFF_T_G17,OFF_T_G17,T,C,G,v3cand,0.7,,,,,,,1,0,0,0.5323007089176026,
F,M,Y,R,R_R_R,0,0,0,0,0,0.0,0.0,-0.0556890293955802,Q120V,S1_G17,S1_G17,G,G,T,v3cand,0.95,,,,,,,0,0,0,0.800903316597372,
F,M,Y,R,R_R_R,0,0,0,0,0,0.0,0.0,-0.0556890293955802,Q120V,OFF_T_G17,OFF_T_G17,T,C,G,v3cand,0.5,,,,,,,0,0,0,0.5530442784101746,
F,M,Y,R,R_R_R,0,0,0,0,0,0.0,0.0,-0.0556890293955802,R85A_R207A_R267A,S1_G17,S1_G17,G,G,T,v3cand,0.5,,,,,,,0,0,0,0.8500765181780602,
F,M,Y,R,R_R_R,0,0,0,0,0,0.0,0.0,-0.0556890293955802,R85A_R207A_R267A,OFF_T_G17,OFF_T_G17,T,C,G,v3cand,0.35,,,,,,,0,0,0,0.5792113362567988,
F,M,Y,R,R_R_R,0,0,0,0,0,0.0,0.0,-0.0556890293955802,Y170F,S1_G17,S1_G17,G,G,T,v3cand,0.9,,,,,,,0,0,0,0.8017151725042215,
F,M,Y,R,R_R_R,0,0,0,0,0,0.0,0.0,-0.0556890293955802,Y170F,OFF_T_G17,OFF_T_G17,T,C,G,v3cand,0.95,,,,,,,0,0,0,0.5000311570648438,
F,M,Y,R,R_R_R,0,0,0,0,0,0.0,0.0,-0.0556890293955802,K216R_Q120V_F88Y_Y170F,S1_G17,S1_G17,G,G,T,v3cand,0.8,,,,,,,1,0,0,0.8162737272532185,
F,M,Y,R,R_R_R,0,0,0,0,0,0.0,0.0,-0.0556890293955802,K216R_Q120V_F88Y_Y170F,OFF_T_G17,OFF_T_G17,T,C,G,v3cand,0.75,,,,,,,1,0,0,0.5232010142554593,
F,M,Y,R,R_R_R,0,0,0,0,0,0.0,0.0,-0.0556890293955802,K216R_Q120V,S1_G17,S1_G17,G,G,T,v3cand,0.8,,,,,,,1,0,0,0.8108628184148293,
F,M,Y,R,R_R_R,0,0,0,0,0,0.0,0.0,-0.0556890293955802,K216R_Q120V,OFF_T_G17,OFF_T_G17,T,C,G,v3cand,0.4,,,,,,,1,0,0,0.5679139674342577,
