pred,cand,cond,model,conf,iptm,ligand_iptm,act,d_act,lockA,d_read17,lockB,d_253_23,dual,d_y217_23,d_m255_23,d_r85,d_r207,d_r267,d_e123,iface,ntcov
PprI_HQL2_M255I_OFF_T_G17,HQL2_M255I,OFF,0,0.866,0.9099,0.9816,0,7.25,0,10.97,0,33.74,0,32.65,34.1,4.15,2.23,4.46,7.02,32,15
PprI_HQL2_M255I_OFF_T_G17,HQL2_M255I,OFF,1,0.8505,0.9103,0.9868,1,1.79,0,10.42,0,37.28,0,35.21,37.57,1.91,2.78,3.32,5.1,33,14
PprI_HQL2_M255I_OFF_T_G17,HQL2_M255I,OFF,10,0.8227,0.8805,0.9846,0,5.04,0,15.18,0,24.11,0,22.87,25.53,2.12,3.3,4.12,4.25,42,20
PprI_HQL2_M255I_OFF_T_G17,HQL2_M255I,OFF,11,0.8226,0.8708,0.9895,1,1.49,0,12.29,0,37.32,0,35.63,37.57,3.27,4.12,2.09,2.27,29,11
PprI_HQL2_M255I_OFF_T_G17,HQL2_M255I,OFF,12,0.8222,0.8991,0.9898,1,2.85,0,12.7,0,37.45,0,36.7,38.19,2.72,2.88,4.31,3.41,40,13
PprI_HQL2_M255I_OFF_T_G17,HQL2_M255I,OFF,13,0.8209,0.8615,0.9867,1,1.42,0,11.89,0,35.18,0,32.88,34.39,3.47,2.54,3.77,3.58,35,15
PprI_HQL2_M255I_OFF_T_G17,HQL2_M255I,OFF,14,0.8186,0.7972,0.9787,1,2.9,0,13.15,0,35.65,0,34.32,36.3,2.53,1.76,4.18,5.35,36,15
PprI_HQL2_M255I_OFF_T_G17,HQL2_M255I,OFF,15,0.8126,0.8622,0.9858,1,3.85,0,10.92,0,37.59,0,36.03,37.83,2.99,2.2,5.16,2.84,32,14
PprI_HQL2_M255I_OFF_T_G17,HQL2_M255I,OFF,16,0.8016,0.8139,0.9799,1,3.87,0,14.08,0,34.85,0,32.87,33.9,1.34,4.79,8.54,3.26,39,16
PprI_HQL2_M255I_OFF_T_G17,HQL2_M255I,OFF,17,0.7765,0.7646,0.9863,1,1.87,0,10.32,0,38.96,0,36.59,38.38,2.57,2.38,2.67,1.38,34,12
PprI_HQL2_M255I_OFF_T_G17,HQL2_M255I,OFF,18,0.7733,0.7289,0.9797,1,1.27,0,10.62,0,36.87,0,34.62,36.36,3.21,2.86,3.52,4.56,32,13
PprI_HQL2_M255I_OFF_T_G17,HQL2_M255I,OFF,19,0.7636,0.6456,0.9783,1,1.42,0,10.11,0,39.29,0,36.39,38.97,3.6,1.73,4.54,3.43,31,13
PprI_HQL2_M255I_OFF_T_G17,HQL2_M255I,OFF,2,0.8463,0.9069,0.9849,0,7.76,0,9.67,0,33.97,0,31.59,34.32,4.91,1.7,6.25,6.14,31,13
PprI_HQL2_M255I_OFF_T_G17,HQL2_M255I,OFF,3,0.8363,0.8905,0.9878,1,0.93,0,12.06,0,34.9,0,33.73,35.33,3.06,3.15,5.38,2.84,39,13
PprI_HQL2_M255I_OFF_T_G17,HQL2_M255I,OFF,4,0.8356,0.8841,0.9882,1,1.87,0,10.54,0,37.98,0,36.09,37.59,3.06,2.96,3.83,4.15,31,12
PprI_HQL2_M255I_OFF_T_G17,HQL2_M255I,OFF,5,0.8293,0.8579,0.9859,1,1.49,0,12.55,0,37.09,0,35.8,37.1,2.8,3.24,2.98,3.8,31,11
PprI_HQL2_M255I_OFF_T_G17,HQL2_M255I,OFF,6,0.8292,0.9308,0.9902,1,1.22,0,8.72,0,45.45,0,37.63,44.03,3.44,2.87,3.84,2.48,42,19
PprI_HQL2_M255I_OFF_T_G17,HQL2_M255I,OFF,7,0.8286,0.8365,0.9843,1,1.64,0,12.39,0,34.86,0,32.93,34.94,2.72,2.74,1.78,3.46,41,14
PprI_HQL2_M255I_OFF_T_G17,HQL2_M255I,OFF,8,0.8284,0.8898,0.9868,1,2.02,0,12.71,0,34.55,0,33.23,34.69,3.93,3.43,2.86,1.97,36,13
PprI_HQL2_M255I_OFF_T_G17,HQL2_M255I,OFF,9,0.8271,0.8513,0.9896,1,3.38,0,27.9,0,26.34,0,24.18,30.85,2.31,3.2,7.55,3.94,41,16
PprI_HQL2_M255I_S1_G17,HQL2_M255I,S1,0,0.8478,0.9085,0.9872,0,5.82,0,14.52,1,2.46,0,1.96,5.02,1.85,1.92,4.22,5.74,49,20
PprI_HQL2_M255I_S1_G17,HQL2_M255I,S1,1,0.824,0.844,0.9904,1,3.28,1,4.7,1,3.34,1,2.89,4.84,1.23,1.35,1.09,2.85,43,13
PprI_HQL2_M255I_S1_G17,HQL2_M255I,S1,10,0.8022,0.7197,0.9841,1,3.2,1,2.77,1,2.77,1,0.5,5.0,0.61,2.48,4.32,4.82,39,13
PprI_HQL2_M255I_S1_G17,HQL2_M255I,S1,11,0.7998,0.7458,0.984,1,3.7,1,3.28,0,6.72,0,4.94,8.14,2.62,3.32,3.05,2.62,43,15
PprI_HQL2_M255I_S1_G17,HQL2_M255I,S1,12,0.797,0.8154,0.9812,0,7.28,0,11.65,1,3.09,0,2.36,4.89,1.73,1.41,4.13,6.82,40,16
PprI_HQL2_M255I_S1_G17,HQL2_M255I,S1,13,0.797,0.7363,0.9855,1,3.05,1,3.37,1,1.31,1,2.61,3.64,2.01,2.18,2.9,4.98,38,15
PprI_HQL2_M255I_S1_G17,HQL2_M255I,S1,14,0.795,0.7225,0.9837,1,2.97,1,4.07,1,3.07,1,1.91,3.71,2.05,2.33,4.43,3.73,42,15
PprI_HQL2_M255I_S1_G17,HQL2_M255I,S1,15,0.7948,0.6936,0.9825,0,6.35,1,4.32,1,2.78,1,1.3,4.46,2.84,3.3,3.02,7.09,41,13
PprI_HQL2_M255I_S1_G17,HQL2_M255I,S1,16,0.7915,0.6829,0.9842,1,3.53,1,3.22,1,3.81,1,1.74,5.43,1.15,1.01,3.6,3.12,45,15
PprI_HQL2_M255I_S1_G17,HQL2_M255I,S1,17,0.7884,0.6745,0.9843,1,3.66,1,4.78,1,3.87,1,1.37,3.91,0.39,3.77,3.99,5.77,43,12
PprI_HQL2_M255I_S1_G17,HQL2_M255I,S1,18,0.7881,0.7397,0.9813,1,2.84,0,14.24,1,2.42,0,1.59,3.01,1.19,2.28,2.17,4.8,52,20
PprI_HQL2_M255I_S1_G17,HQL2_M255I,S1,19,0.7645,0.6081,0.9822,1,4.09,1,2.79,1,3.12,1,1.04,3.96,1.79,2.83,3.98,6.04,43,13
PprI_HQL2_M255I_S1_G17,HQL2_M255I,S1,2,0.8204,0.7794,0.9874,1,3.63,1,2.89,1,2.16,1,2.74,5.55,2.9,3.09,4.07,4.45,35,14
PprI_HQL2_M255I_S1_G17,HQL2_M255I,S1,3,0.8179,0.8249,0.989,1,2.67,1,4.1,0,6.62,0,4.57,7.0,0.97,2.82,4.16,4.77,39,14
PprI_HQL2_M255I_S1_G17,HQL2_M255I,S1,4,0.817,0.808,0.9883,1,2.01,1,3.63,1,2.52,1,2.26,3.87,2.39,3.08,4.29,3.23,44,14
PprI_HQL2_M255I_S1_G17,HQL2_M255I,S1,5,0.8152,0.7729,0.9874,1,2.53,1,2.96,1,2.51,1,0.36,3.39,2.89,3.67,4.75,6.64,35,13
PprI_HQL2_M255I_S1_G17,HQL2_M255I,S1,6,0.8146,0.8119,0.9875,1,3.23,1,2.94,1,2.88,1,2.62,1.5,1.8,3.18,3.83,3.36,41,13
PprI_HQL2_M255I_S1_G17,HQL2_M255I,S1,7,0.8138,0.7794,0.9851,1,2.1,1,2.96,1,2.15,1,1.04,3.28,1.44,2.39,3.5,3.44,44,13
PprI_HQL2_M255I_S1_G17,HQL2_M255I,S1,8,0.8065,0.7365,0.9836,0,6.92,1,4.52,1,3.09,1,3.52,5.02,1.77,2.26,4.82,6.74,38,13
PprI_HQL2_M255I_S1_G17,HQL2_M255I,S1,9,0.8027,0.6985,0.9812,1,4.31,1,4.5,1,3.14,1,1.76,4.63,2.06,3.09,3.91,5.24,41,14
PprI_TrackF_r1_M255I_OFF_T_G17,TrackF_r1_M255I,OFF,0,0.8465,0.865,0.9871,1,2.22,0,11.21,0,39.19,0,36.51,39.16,2.79,3.99,5.9,2.89,32,11
PprI_TrackF_r1_M255I_OFF_T_G17,TrackF_r1_M255I,OFF,1,0.8418,0.927,0.9912,1,1.88,0,10.96,0,34.41,0,32.38,34.64,2.21,4.21,3.99,3.14,38,16
PprI_TrackF_r1_M255I_OFF_T_G17,TrackF_r1_M255I,OFF,10,0.8163,0.7988,0.9853,1,3.91,0,10.73,0,7.17,0,14.1,16.33,3.24,3.02,4.19,4.36,30,15
PprI_TrackF_r1_M255I_OFF_T_G17,TrackF_r1_M255I,OFF,11,0.815,0.8475,0.9843,0,5.61,0,13.74,0,43.43,0,37.67,41.8,1.42,3.26,5.41,7.15,31,17
PprI_TrackF_r1_M255I_OFF_T_G17,TrackF_r1_M255I,OFF,12,0.8116,0.8166,0.9856,1,2.07,0,12.45,0,38.02,0,37.0,38.57,1.59,3.54,2.46,3.0,40,12
PprI_TrackF_r1_M255I_OFF_T_G17,TrackF_r1_M255I,OFF,13,0.8089,0.7353,0.9812,1,4.8,0,15.67,0,42.05,0,39.68,44.81,1.44,4.18,2.62,6.58,16,11
PprI_TrackF_r1_M255I_OFF_T_G17,TrackF_r1_M255I,OFF,14,0.8064,0.7313,0.9831,0,6.92,0,18.19,0,44.45,0,41.83,43.81,2.6,4.52,8.97,4.72,35,12
PprI_TrackF_r1_M255I_OFF_T_G17,TrackF_r1_M255I,OFF,15,0.8063,0.9133,0.9893,1,3.66,0,12.66,0,17.67,0,10.48,17.93,2.8,4.48,3.04,3.36,28,12
PprI_TrackF_r1_M255I_OFF_T_G17,TrackF_r1_M255I,OFF,16,0.8024,0.869,0.9867,1,4.81,0,24.63,0,27.14,0,29.14,33.14,1.5,1.39,7.06,4.9,26,10
PprI_TrackF_r1_M255I_OFF_T_G17,TrackF_r1_M255I,OFF,17,0.7929,0.6933,0.9784,0,7.14,0,14.74,0,37.65,0,34.69,40.49,2.62,2.64,2.02,6.84,26,12
PprI_TrackF_r1_M255I_OFF_T_G17,TrackF_r1_M255I,OFF,18,0.785,0.8362,0.9831,1,3.23,0,7.97,0,18.95,0,19.45,23.64,1.88,2.67,3.91,3.83,46,14
PprI_TrackF_r1_M255I_OFF_T_G17,TrackF_r1_M255I,OFF,19,0.7775,0.6948,0.9795,0,6.03,0,13.78,0,41.02,0,39.21,40.59,0.97,4.49,5.52,6.15,31,12
PprI_TrackF_r1_M255I_OFF_T_G17,TrackF_r1_M255I,OFF,2,0.8358,0.851,0.9837,1,2.24,0,13.16,0,39.56,0,37.13,39.4,3.2,4.49,4.8,4.23,31,11
PprI_TrackF_r1_M255I_OFF_T_G17,TrackF_r1_M255I,OFF,3,0.834,0.8783,0.9879,1,3.14,0,14.17,0,36.46,0,34.55,36.41,2.39,4.83,5.83,3.5,31,12
PprI_TrackF_r1_M255I_OFF_T_G17,TrackF_r1_M255I,OFF,4,0.8325,0.8726,0.9882,1,3.63,0,11.48,0,18.5,0,21.07,22.99,1.95,3.93,3.28,3.58,40,14
PprI_TrackF_r1_M255I_OFF_T_G17,TrackF_r1_M255I,OFF,5,0.8321,0.8898,0.9892,1,2.04,0,10.33,0,40.35,0,38.65,40.07,2.0,3.67,4.4,3.68,35,13
PprI_TrackF_r1_M255I_OFF_T_G17,TrackF_r1_M255I,OFF,6,0.8292,0.8859,0.9859,0,7.37,0,15.18,0,39.68,0,35.85,42.1,3.48,4.32,2.58,7.97,21,11
PprI_TrackF_r1_M255I_OFF_T_G17,TrackF_r1_M255I,OFF,7,0.8255,0.8615,0.9881,0,6.44,0,23.47,0,33.12,0,36.0,40.17,2.59,3.32,4.55,6.29,26,10
PprI_TrackF_r1_M255I_OFF_T_G17,TrackF_r1_M255I,OFF,8,0.8234,0.8596,0.9869,0,7.42,0,15.94,0,35.2,0,34.27,39.57,2.87,3.28,2.92,7.61,21,10
PprI_TrackF_r1_M255I_OFF_T_G17,TrackF_r1_M255I,OFF,9,0.8198,0.8867,0.9854,1,4.92,0,18.7,0,28.5,0,26.39,29.85,1.97,4.38,1.54,5.72,39,18
PprI_TrackF_r1_M255I_S1_G17,TrackF_r1_M255I,S1,0,0.8265,0.8876,0.9885,0,7.22,1,3.73,0,38.37,0,37.88,40.21,2.21,4.78,8.46,5.97,27,17
PprI_TrackF_r1_M255I_S1_G17,TrackF_r1_M255I,S1,1,0.8221,0.8551,0.9901,1,3.33,1,3.73,1,3.9,1,3.04,3.55,2.0,1.23,4.3,5.38,41,15
PprI_TrackF_r1_M255I_S1_G17,TrackF_r1_M255I,S1,10,0.8012,0.8047,0.9867,1,2.97,0,15.06,0,38.19,0,29.34,37.26,3.54,5.76,7.28,2.83,54,21
PprI_TrackF_r1_M255I_S1_G17,TrackF_r1_M255I,S1,11,0.8004,0.7986,0.9881,1,4.22,1,2.97,1,3.43,1,3.09,3.82,2.01,2.66,3.81,5.2,40,16
PprI_TrackF_r1_M255I_S1_G17,TrackF_r1_M255I,S1,12,0.7965,0.7859,0.9875,1,3.08,1,4.0,1,3.59,1,2.82,2.34,3.03,2.41,4.28,5.3,41,15
PprI_TrackF_r1_M255I_S1_G17,TrackF_r1_M255I,S1,13,0.7945,0.8728,0.9883,1,4.82,0,13.7,0,23.4,0,17.4,24.52,5.62,3.91,2.85,5.14,31,13
PprI_TrackF_r1_M255I_S1_G17,TrackF_r1_M255I,S1,14,0.7928,0.773,0.987,1,3.16,1,3.87,1,3.97,1,3.94,4.52,1.6,2.44,4.57,4.21,48,14
PprI_TrackF_r1_M255I_S1_G17,TrackF_r1_M255I,S1,15,0.7871,0.7734,0.9844,1,1.57,0,16.36,0,37.96,0,29.0,36.82,1.12,4.8,10.34,2.24,45,15
PprI_TrackF_r1_M255I_S1_G17,TrackF_r1_M255I,S1,16,0.7791,0.6927,0.9843,1,3.57,1,3.77,1,2.57,1,3.68,4.14,0.71,3.2,4.89,4.65,41,14
PprI_TrackF_r1_M255I_S1_G17,TrackF_r1_M255I,S1,17,0.7708,0.6485,0.9854,1,3.17,1,3.38,0,38.58,0,33.04,39.2,2.89,2.74,4.53,2.5,47,14
PprI_TrackF_r1_M255I_S1_G17,TrackF_r1_M255I,S1,18,0.7707,0.7061,0.9847,1,3.17,1,3.34,1,2.53,1,4.91,4.63,2.87,3.75,4.73,5.05,46,14
PprI_TrackF_r1_M255I_S1_G17,TrackF_r1_M255I,S1,19,0.7657,0.6976,0.9848,1,0.77,0,16.33,0,31.56,0,23.67,31.07,2.82,3.28,5.3,1.94,45,17
PprI_TrackF_r1_M255I_S1_G17,TrackF_r1_M255I,S1,2,0.8192,0.8145,0.9858,1,3.24,0,13.7,0,21.63,0,11.91,19.21,2.96,4.27,4.77,3.15,41,15
PprI_TrackF_r1_M255I_S1_G17,TrackF_r1_M255I,S1,3,0.8184,0.8338,0.9878,1,3.32,0,5.09,1,2.68,0,3.19,3.66,1.94,2.02,5.6,5.4,41,15
PprI_TrackF_r1_M255I_S1_G17,TrackF_r1_M255I,S1,4,0.818,0.8331,0.992,1,2.21,1,3.15,0,40.83,0,32.31,39.44,1.52,2.61,4.89,2.48,44,14
PprI_TrackF_r1_M255I_S1_G17,TrackF_r1_M255I,S1,5,0.8158,0.8263,0.9882,1,4.04,1,3.88,1,1.33,1,3.47,2.91,2.65,2.62,2.72,5.88,41,13
PprI_TrackF_r1_M255I_S1_G17,TrackF_r1_M255I,S1,6,0.812,0.9013,0.9888,0,7.34,1,3.25,0,28.05,0,27.8,30.75,2.96,5.16,4.3,6.05,26,14
PprI_TrackF_r1_M255I_S1_G17,TrackF_r1_M255I,S1,7,0.8117,0.7732,0.9866,1,3.26,1,3.68,1,2.31,1,2.74,3.75,1.84,1.86,5.52,4.31,37,15
PprI_TrackF_r1_M255I_S1_G17,TrackF_r1_M255I,S1,8,0.8077,0.782,0.9872,1,3.23,1,3.06,1,2.87,1,4.22,4.08,1.62,3.45,5.63,3.68,42,14
PprI_TrackF_r1_M255I_S1_G17,TrackF_r1_M255I,S1,9,0.8039,0.7697,0.9864,1,3.3,1,3.52,1,1.74,1,4.69,3.6,1.11,2.17,5.88,3.81,39,15
