variant,F88,M255,Y217,n_s1,n_off,dual_S1,dual_OFF,dual_lo,dual_hi,iface_S1,iface_OFF,d_iface,d_iface_se,z_iface,act_S1,act_OFF,d_act,d_act_se,z_act,conf,iptm
F88F_M255A_Y217Y,F,A,Y,8,8,0.25,0.0,0.07147768885802763,0.5907301208974108,38.875,28.125,10.75,5.059908948926707,2.12454415850314,0.375,0.25,0.125,0.2454951265154914,0.5091750772173156,0.83564375,0.86660625
F88F_M255I_Y217Y,F,I,Y,8,8,0.125,0.0,0.02241690886329617,0.4708948057698615,36.25,25.125,11.125,4.7591547118609805,2.337599988559685,0.5,0.25,0.25,0.24999999999999997,1.0000000000000002,0.8237625,0.8072
F88F_M255K_Y217Y,F,K,Y,8,8,0.125,0.0,0.02241690886329617,0.4708948057698615,37.75,42.25,-4.5,5.353570237300925,-0.840560560622949,0.75,0.25,0.5,0.23145502494313785,2.160246899469287,0.83251875,0.86928125
F88F_M255M_Y217Y,F,M,Y,8,8,0.25,0.0,0.07147768885802763,0.5907301208974108,41.125,42.375,-1.25,2.936074882268113,-0.4257384604013836,0.375,0.625,-0.25,0.2587745847533828,-0.9660917830792961,0.8289,0.86774375
F88K_M255A_Y217Y,K,A,Y,8,8,0.25,0.0,0.07147768885802763,0.5907301208974108,36.5,21.75,14.75,2.9925502740734604,4.928906333768053,0.75,0.0,0.75,0.16366341767699427,4.582575694955841,0.8214875,0.85980625
F88K_M255I_Y217Y,K,I,Y,8,8,0.75,0.0,0.40926987910258916,0.9285223111419724,42.0,31.25,10.75,5.875949771252789,1.8294914726114198,1.0,0.125,0.875,0.125,7.0,0.81036875,0.806625
F88K_M255K_Y217Y,K,K,Y,8,8,0.375,0.0,0.13684175946152105,0.6942621454161981,33.75,30.0,3.75,2.9685855217594788,1.2632278815997786,0.75,0.375,0.375,0.2454951265154914,1.5275252316519468,0.80523125,0.823275
F88K_M255M_Y217F,K,M,F,8,8,0.25,0.0,0.07147768885802763,0.5907301208974108,41.25,32.375,8.875,3.8669270745645044,2.2951040526150877,0.25,0.375,-0.125,0.2454951265154914,-0.5091750772173156,0.8084125,0.793025
F88K_M255M_Y217R,K,M,R,8,8,0.125,0.0,0.02241690886329617,0.4708948057698615,33.375,28.75,4.625,4.7309297636480965,0.977609102451267,0.75,0.125,0.625,0.2059386177619785,3.03488489333442,0.8140499999999999,0.813925
F88K_M255M_Y217Y,K,M,Y,8,8,0.375,0.0,0.13684175946152105,0.6942621454161981,39.125,37.625,1.5,4.580139579906771,0.32750093612442543,0.875,0.25,0.625,0.2059386177619785,3.03488489333442,0.82555,0.8609625
F88R_M255A_Y217Y,R,A,Y,8,8,0.375,0.0,0.13684175946152105,0.6942621454161981,40.75,27.875,12.875,2.5084678021225852,5.132615212005347,0.625,0.375,0.25,0.2587745847533828,0.9660917830792961,0.8141375,0.81995
F88R_M255I_Y217Y,R,I,Y,8,8,0.125,0.0,0.02241690886329617,0.4708948057698615,49.25,34.125,15.125,2.989191840137206,5.059896055151064,0.875,0.25,0.625,0.2059386177619785,3.03488489333442,0.81186875,0.8350625
F88R_M255K_Y217Y,R,K,Y,8,8,0.375,0.0,0.13684175946152105,0.6942621454161981,39.0,27.25,11.75,2.5894704367606023,4.5376073166137845,0.375,0.25,0.125,0.2454951265154914,0.5091750772173156,0.8144750000000001,0.82489375
F88R_M255M_Y217Y,R,M,Y,8,8,0.25,0.0,0.07147768885802763,0.5907301208974108,42.25,44.125,-1.875,4.826221163010012,-0.3885027098158515,0.625,0.25,0.375,0.2454951265154914,1.5275252316519468,0.82255,0.867175
F88W_M255A_Y217Y,W,A,Y,8,8,0.25,0.0,0.07147768885802763,0.5907301208974108,40.5,32.0,8.5,3.1959796173138706,2.6595914297926613,0.125,0.375,-0.25,0.22160131510697956,-1.1281521496355325,0.83180625,0.86485625
F88W_M255I_Y217Y,W,I,Y,8,8,0.25,0.0,0.07147768885802763,0.5907301208974108,43.25,30.625,12.625,2.9862033946611395,4.227776320451416,0.375,0.125,0.25,0.22160131510697956,1.1281521496355325,0.8103625,0.8111125
F88W_M255K_Y217Y,W,K,Y,8,8,0.25,0.0,0.07147768885802763,0.5907301208974108,38.25,37.0,1.25,3.0044609690068724,0.4160480075776084,0.375,0.375,0.0,0.2587745847533828,0.0,0.8256249999999999,0.8450625
F88W_M255M_Y217Y,W,M,Y,8,8,0.125,0.0,0.02241690886329617,0.4708948057698615,38.75,36.5,2.25,2.54073948740463,0.8855689499667592,0.625,0.25,0.375,0.2454951265154914,1.5275252316519468,0.83030625,0.85453125
F88Y_M255A_Y217Y,Y,A,Y,8,8,0.0,0.0,0.0,0.3244156195108769,42.25,32.375,9.875,4.897840267476501,2.016194783969112,0.375,0.5,-0.125,0.2630521404045756,-0.4751909633114915,0.834275,0.86970625
F88Y_M255I_Y217Y,Y,I,Y,8,8,0.375,0.0,0.13684175946152105,0.6942621454161981,40.375,40.25,0.125,2.690509112735782,0.04645960848387413,0.625,0.125,0.5,0.22160131510697956,2.256304299271065,0.83028125,0.8664499999999999
F88Y_M255K_Y217Y,Y,K,Y,8,8,0.25,0.0,0.07147768885802763,0.5907301208974108,42.5,37.0,5.5,4.144704021829716,1.3269946348477681,1.0,0.625,0.375,0.18298126367784995,2.04939015319192,0.83285625,0.86751875
F88Y_M255M_Y217Y,Y,M,Y,8,8,0.125,0.0,0.02241690886329617,0.4708948057698615,38.75,43.875,-5.125,3.263365375104138,-1.5704646617562568,0.75,0.25,0.5,0.23145502494313785,2.160246899469287,0.82064375,0.8237625000000001
