pred,cond,model,conf,iptm,ligand_iptm,act,d_act,lockA,d_read17,lockB,d_253_23,dual,d_r85,d_r207,d_r267,iface,ntcov
d_F88F_M255A_Y217Y_OFF_T_G17,OFF,0,0.8538,0.863,0.9879,0,10.19,0,23.32,0,41.31,0,7.31,8.78,5.99,15,10
d_F88F_M255A_Y217Y_OFF_T_G17,OFF,1,0.8457,0.874,0.9926,0,6.36,0,11.8,0,10.62,0,1.41,3.56,4.81,32,12
d_F88F_M255A_Y217Y_OFF_T_G17,OFF,2,0.8451,0.9349,0.9923,0,5.07,0,16.44,0,34.5,0,2.21,4.48,5.34,50,19
d_F88F_M255A_Y217Y_OFF_T_G17,OFF,3,0.8447,0.871,0.9874,0,15.74,0,27.28,0,37.08,0,6.73,6.64,4.77,9,7
d_F88F_M255A_Y217Y_OFF_T_G17,OFF,4,0.8264,0.8733,0.9868,0,6.46,0,11.83,0,32.42,0,3.56,6.25,4.95,23,11
d_F88F_M255A_Y217Y_OFF_T_G17,OFF,5,0.8247,0.8897,0.9874,1,4.75,0,11.11,0,21.93,0,3.47,3.35,1.74,32,15
d_F88F_M255A_Y217Y_OFF_T_G17,OFF,6,0.8185,0.8163,0.9891,1,4.57,0,24.38,0,33.54,0,3.06,4.36,3.59,39,14
d_F88F_M255A_Y217Y_OFF_T_G17,OFF,7,0.8003,0.8534,0.9869,0,6.04,0,11.02,0,20.69,0,3.46,3.96,7.61,25,12
d_F88F_M255A_Y217Y_S1_G17,S1,0,0.8671,0.9153,0.992,0,5.85,0,12.2,0,13.34,0,4.75,1.53,6.44,44,15
d_F88F_M255A_Y217Y_S1_G17,S1,1,0.8549,0.8711,0.9916,1,1.54,0,26.36,0,26.79,0,4.78,6.73,12.08,32,9
d_F88F_M255A_Y217Y_S1_G17,S1,2,0.853,0.8819,0.9929,1,2.2,0,20.9,0,28.87,0,5.8,7.16,11.5,34,10
d_F88F_M255A_Y217Y_S1_G17,S1,3,0.8436,0.8943,0.9901,0,6.25,0,11.29,0,18.48,0,4.45,4.27,2.22,46,13
d_F88F_M255A_Y217Y_S1_G17,S1,4,0.838,0.8312,0.9892,1,4.59,0,14.24,0,14.49,0,4.47,3.15,3.52,31,10
d_F88F_M255A_Y217Y_S1_G17,S1,5,0.8357,0.9064,0.9902,0,5.76,0,18.39,0,13.65,0,5.47,3.56,3.66,41,17
d_F88F_M255A_Y217Y_S1_G17,S1,6,0.8145,0.8046,0.9873,0,7.25,1,3.75,1,4.02,1,1.31,3.85,3.27,43,15
d_F88F_M255A_Y217Y_S1_G17,S1,7,0.8043,0.7853,0.9876,0,7.37,1,3.31,1,3.15,1,2.22,3.85,3.79,40,13
d_F88F_M255I_Y217Y_OFF_T_G17,OFF,0,0.864,0.9207,0.9894,0,5.96,0,14.84,0,37.96,0,5.06,3.52,3.19,32,13
d_F88F_M255I_Y217Y_OFF_T_G17,OFF,1,0.8609,0.944,0.991,1,4.19,0,14.13,0,45.29,0,4.12,4.96,5.96,40,19
d_F88F_M255I_Y217Y_OFF_T_G17,OFF,2,0.8568,0.9292,0.9904,1,3.74,0,14.73,0,49.18,0,4.36,2.9,7.23,41,16
d_F88F_M255I_Y217Y_OFF_T_G17,OFF,3,0.8523,0.8671,0.9874,0,9.52,0,24.05,0,36.52,0,8.04,4.64,4.44,16,9
d_F88F_M255I_Y217Y_OFF_T_G17,OFF,4,0.8152,0.7747,0.9871,0,16.99,0,22.4,0,48.35,0,6.91,5.2,4.57,8,5
d_F88F_M255I_Y217Y_OFF_T_G17,OFF,5,0.7838,0.7972,0.9864,0,5.76,0,15.5,0,41.45,0,4.89,4.4,3.17,29,12
d_F88F_M255I_Y217Y_OFF_T_G17,OFF,6,0.7662,0.6116,0.9796,0,12.57,0,25.14,0,35.07,0,7.13,4.69,3.88,18,9
d_F88F_M255I_Y217Y_OFF_T_G17,OFF,7,0.7332,0.5488,0.9787,0,6.2,0,14.24,0,40.31,0,7.64,4.84,3.68,17,9
d_F88F_M255I_Y217Y_S1_G17,S1,0,0.8615,0.9008,0.9911,1,2.66,0,18.76,0,28.48,0,5.41,5.13,11.45,33,11
d_F88F_M255I_Y217Y_S1_G17,S1,1,0.8535,0.8452,0.9905,0,5.68,0,13.74,0,16.85,0,3.69,5.16,4.16,45,14
d_F88F_M255I_Y217Y_S1_G17,S1,2,0.8507,0.8891,0.9926,1,4.61,0,13.4,0,16.73,0,4.12,4.05,6.25,28,12
d_F88F_M255I_Y217Y_S1_G17,S1,3,0.8282,0.8484,0.9885,0,5.51,0,16.32,0,16.83,0,5.56,5.87,3.19,38,15
d_F88F_M255I_Y217Y_S1_G17,S1,4,0.8276,0.8226,0.9891,0,5.2,0,14.18,0,18.95,0,4.18,4.39,5.35,29,12
d_F88F_M255I_Y217Y_S1_G17,S1,5,0.8271,0.7937,0.9851,0,5.91,0,11.54,0,15.44,0,3.98,3.03,4.53,38,15
d_F88F_M255I_Y217Y_S1_G17,S1,6,0.8182,0.7484,0.9855,1,2.94,0,20.05,0,28.89,0,5.17,4.59,9.96,38,11
d_F88F_M255I_Y217Y_S1_G17,S1,7,0.781,0.6737,0.9856,1,2.82,1,2.75,1,3.54,1,3.47,2.74,2.87,41,14
d_F88F_M255K_Y217Y_OFF_T_G17,OFF,0,0.8649,0.92,0.9911,0,5.84,0,11.82,0,5.58,0,2.14,3.44,3.29,42,21
d_F88F_M255K_Y217Y_OFF_T_G17,OFF,1,0.8552,0.9351,0.9902,0,7.2,0,11.16,0,42.38,0,6.27,3.16,5.52,38,22
d_F88F_M255K_Y217Y_OFF_T_G17,OFF,2,0.8536,0.8968,0.9901,0,5.86,0,14.76,0,44.03,0,3.81,3.86,4.31,35,14
d_F88F_M255K_Y217Y_OFF_T_G17,OFF,3,0.8513,0.938,0.9909,0,6.22,0,14.68,0,43.78,0,5.13,2.61,2.69,58,23
d_F88F_M255K_Y217Y_OFF_T_G17,OFF,4,0.8387,0.9223,0.9904,0,5.67,0,13.48,0,40.67,0,3.41,2.09,2.39,54,18
d_F88F_M255K_Y217Y_OFF_T_G17,OFF,5,0.8294,0.9281,0.989,1,3.81,0,10.18,0,28.53,0,3.54,5.08,3.29,62,21
d_F88F_M255K_Y217Y_OFF_T_G17,OFF,6,0.8245,0.898,0.9922,1,2.58,0,25.62,0,16.29,0,4.73,6.17,8.96,25,8
d_F88F_M255K_Y217Y_OFF_T_G17,OFF,7,0.8109,0.9016,0.9915,0,5.72,0,23.07,0,31.11,0,3.33,4.46,3.9,24,10
d_F88F_M255K_Y217Y_S1_G17,S1,0,0.8654,0.896,0.9898,1,4.25,0,12.11,0,16.61,0,3.49,1.83,4.93,41,18
d_F88F_M255K_Y217Y_S1_G17,S1,1,0.8515,0.857,0.9905,0,5.5,0,15.17,0,18.1,0,4.75,3.41,3.33,40,15
d_F88F_M255K_Y217Y_S1_G17,S1,2,0.8381,0.8491,0.9912,1,4.31,0,11.5,0,14.74,0,3.11,4.24,3.4,33,10
d_F88F_M255K_Y217Y_S1_G17,S1,3,0.8345,0.8609,0.9914,1,4.96,1,3.92,1,4.05,1,3.18,2.91,3.68,41,15
d_F88F_M255K_Y217Y_S1_G17,S1,4,0.8293,0.8369,0.9893,0,5.3,0,11.91,0,16.25,0,4.08,2.03,4.13,30,9
d_F88F_M255K_Y217Y_S1_G17,S1,5,0.8248,0.8532,0.9876,1,2.29,0,20.24,0,30.86,0,4.99,6.24,10.97,42,16
d_F88F_M255K_Y217Y_S1_G17,S1,6,0.7919,0.7673,0.9857,1,2.85,0,17.82,0,29.91,0,5.06,3.11,5.49,38,19
d_F88F_M255K_Y217Y_S1_G17,S1,7,0.7563,0.6482,0.9857,1,2.12,0,16.61,0,23.43,0,5.35,3.84,12.08,37,17
d_F88F_M255M_Y217Y_OFF_T_G17,OFF,0,0.8589,0.9223,0.9902,1,4.27,0,19.88,0,31.65,0,3.88,2.78,1.72,53,19
d_F88F_M255M_Y217Y_OFF_T_G17,OFF,1,0.8473,0.9527,0.9902,0,6.84,0,10.81,0,27.3,0,4.46,5.1,4.46,50,21
d_F88F_M255M_Y217Y_OFF_T_G17,OFF,2,0.8466,0.913,0.9897,0,5.31,0,11.71,0,5.41,0,3.58,4.51,1.01,39,17
d_F88F_M255M_Y217Y_OFF_T_G17,OFF,3,0.846,0.8975,0.9869,1,4.31,0,20.33,0,34.24,0,4.39,4.87,2.42,47,18
d_F88F_M255M_Y217Y_OFF_T_G17,OFF,4,0.8373,0.877,0.9881,1,3.64,0,12.21,0,12.68,0,4.13,3.87,2.26,31,11
d_F88F_M255M_Y217Y_OFF_T_G17,OFF,5,0.8284,0.8929,0.9876,0,5.41,0,11.2,0,5.38,0,4.09,5.21,0.53,39,19
d_F88F_M255M_Y217Y_OFF_T_G17,OFF,6,0.8261,0.8601,0.9915,1,2.9,0,20.76,0,55.81,0,5.11,3.22,3.34,43,16
d_F88F_M255M_Y217Y_OFF_T_G17,OFF,7,0.7962,0.7929,0.983,1,4.14,0,14.42,0,44.09,0,4.62,3.97,6.87,37,17
d_F88F_M255M_Y217Y_S1_G17,S1,0,0.8433,0.8306,0.9876,0,5.78,0,13.23,0,17.03,0,3.42,3.42,4.85,34,11
d_F88F_M255M_Y217Y_S1_G17,S1,1,0.8311,0.8041,0.9881,1,2.77,1,3.31,1,1.5,1,3.4,4.61,4.95,43,14
d_F88F_M255M_Y217Y_S1_G17,S1,2,0.8291,0.7945,0.988,1,4.34,1,3.66,1,0.71,1,3.28,3.98,3.47,44,15
d_F88F_M255M_Y217Y_S1_G17,S1,3,0.8227,0.8167,0.9889,1,2.29,0,24.19,0,30.58,0,5.8,6.82,12.08,40,14
d_F88F_M255M_Y217Y_S1_G17,S1,4,0.8194,0.913,0.9881,0,5.52,0,14.29,1,1.38,0,4.4,2.44,4.55,38,16
d_F88F_M255M_Y217Y_S1_G17,S1,5,0.8144,0.9022,0.9902,0,5.79,0,21.51,0,16.35,0,3.92,1.1,5.65,41,14
d_F88F_M255M_Y217Y_S1_G17,S1,6,0.8144,0.8756,0.9869,0,5.94,0,17.24,0,15.94,0,4.14,2.71,3.88,47,18
d_F88F_M255M_Y217Y_S1_G17,S1,7,0.8012,0.8388,0.9872,0,5.25,0,14.71,0,24.71,0,3.56,2.88,1.95,42,14
d_F88K_M255A_Y217Y_OFF_T_G17,OFF,0,0.8566,0.9018,0.9882,0,7.31,0,13.63,0,41.92,0,5.53,5.33,4.42,24,13
d_F88K_M255A_Y217Y_OFF_T_G17,OFF,1,0.8323,0.8918,0.9862,0,5.85,0,12.59,0,43.34,0,5.38,3.63,6.08,31,20
d_F88K_M255A_Y217Y_OFF_T_G17,OFF,2,0.8298,0.891,0.9867,0,6.79,0,14.69,0,42.31,0,5.61,4.65,4.61,26,12
d_F88K_M255A_Y217Y_OFF_T_G17,OFF,3,0.8287,0.876,0.9865,0,7.07,0,15.28,0,40.71,0,7.37,4.87,5.43,24,13
d_F88K_M255A_Y217Y_OFF_T_G17,OFF,4,0.8279,0.8763,0.9863,0,5.5,0,15.22,0,44.65,0,6.15,5.34,4.93,19,11
d_F88K_M255A_Y217Y_OFF_T_G17,OFF,5,0.8027,0.8833,0.9892,0,7.15,0,14.46,0,15.0,0,7.15,3.63,3.78,24,13
d_F88K_M255A_Y217Y_OFF_T_G17,OFF,6,0.7927,0.8353,0.9879,0,8.82,0,16.7,0,23.81,0,7.51,4.85,2.69,13,9
d_F88K_M255A_Y217Y_OFF_T_G17,OFF,7,0.7889,0.8229,0.9848,0,9.07,0,15.09,0,13.72,0,8.51,5.85,4.02,13,9
d_F88K_M255A_Y217Y_S1_G17,S1,0,0.8606,0.9211,0.9919,1,3.62,0,12.89,0,16.58,0,3.91,4.07,6.64,42,16
d_F88K_M255A_Y217Y_S1_G17,S1,1,0.8303,0.8497,0.9904,1,3.58,0,10.64,0,15.41,0,3.72,3.15,2.18,28,10
d_F88K_M255A_Y217Y_S1_G17,S1,2,0.8278,0.8265,0.9892,1,3.74,0,12.28,0,15.25,0,6.76,2.38,3.65,37,14
d_F88K_M255A_Y217Y_S1_G17,S1,3,0.823,0.8802,0.9861,1,4.38,0,13.34,0,15.05,0,4.39,3.81,7.58,36,17
d_F88K_M255A_Y217Y_S1_G17,S1,4,0.822,0.8387,0.9904,1,4.48,0,10.97,0,16.53,0,4.2,2.57,1.17,29,12
d_F88K_M255A_Y217Y_S1_G17,S1,5,0.8197,0.8967,0.9886,0,5.9,0,13.51,1,0.81,0,5.41,3.33,4.47,37,21
d_F88K_M255A_Y217Y_S1_G17,S1,6,0.8184,0.8301,0.9905,0,7.62,1,2.36,1,3.09,1,2.33,3.8,3.76,39,14
d_F88K_M255A_Y217Y_S1_G17,S1,7,0.7824,0.7355,0.9859,1,2.09,1,1.9,1,2.44,1,3.53,2.35,4.27,44,15
d_F88K_M255I_Y217Y_OFF_T_G17,OFF,0,0.8473,0.8664,0.9856,0,5.07,0,14.03,0,42.72,0,5.74,5.31,5.04,24,16
d_F88K_M255I_Y217Y_OFF_T_G17,OFF,1,0.8413,0.9179,0.9863,0,6.22,0,6.76,0,30.19,0,4.7,5.49,3.76,33,14
d_F88K_M255I_Y217Y_OFF_T_G17,OFF,2,0.8222,0.8833,0.9879,1,1.79,0,18.21,0,42.51,0,6.72,2.92,4.95,65,23
d_F88K_M255I_Y217Y_OFF_T_G17,OFF,3,0.8152,0.8136,0.9883,0,11.64,0,17.24,0,32.96,0,4.88,3.99,6.45,15,7
d_F88K_M255I_Y217Y_OFF_T_G17,OFF,4,0.8134,0.7802,0.9817,0,7.34,0,14.96,0,43.21,0,5.03,5.48,4.67,18,10
d_F88K_M255I_Y217Y_OFF_T_G17,OFF,5,0.8018,0.8396,0.9837,0,6.76,0,16.15,0,16.73,0,6.36,4.5,4.43,24,10
d_F88K_M255I_Y217Y_OFF_T_G17,OFF,6,0.7944,0.7593,0.9811,0,7.07,0,12.99,0,41.19,0,6.35,3.31,3.26,33,15
d_F88K_M255I_Y217Y_OFF_T_G17,OFF,7,0.7802,0.743,0.9836,0,6.93,0,18.22,0,43.49,0,3.29,5.25,8.82,38,12
d_F88K_M255I_Y217Y_S1_G17,S1,0,0.8277,0.8577,0.9905,1,2.44,1,3.18,1,2.34,1,4.19,2.83,4.28,44,15
d_F88K_M255I_Y217Y_S1_G17,S1,1,0.8215,0.8652,0.9906,1,3.29,1,3.05,1,2.75,1,2.99,1.98,4.89,39,13
d_F88K_M255I_Y217Y_S1_G17,S1,2,0.8159,0.8049,0.9885,1,2.44,1,3.0,1,1.3,1,4.59,3.99,3.71,43,14
d_F88K_M255I_Y217Y_S1_G17,S1,3,0.8027,0.7594,0.9857,1,3.28,0,5.2,1,2.82,0,5.03,1.76,4.24,35,13
d_F88K_M255I_Y217Y_S1_G17,S1,4,0.8008,0.7911,0.9872,1,3.0,1,3.61,1,2.18,1,3.49,1.52,4.99,39,13
d_F88K_M255I_Y217Y_S1_G17,S1,5,0.8007,0.7619,0.9869,1,2.6,1,2.48,1,2.15,1,3.75,4.23,4.56,40,15
d_F88K_M255I_Y217Y_S1_G17,S1,6,0.7953,0.7138,0.9825,1,4.23,1,4.04,1,3.09,1,3.98,1.94,4.91,43,15
d_F88K_M255I_Y217Y_S1_G17,S1,7,0.7855,0.7487,0.9828,1,3.09,0,14.09,0,41.22,0,7.32,4.83,6.81,53,17
d_F88K_M255K_Y217Y_OFF_T_G17,OFF,0,0.8537,0.9448,0.9907,0,5.37,0,11.78,0,45.05,0,4.99,3.72,5.0,32,20
d_F88K_M255K_Y217Y_OFF_T_G17,OFF,1,0.8327,0.9356,0.9898,0,5.1,0,9.71,0,32.89,0,2.36,3.52,2.58,31,14
d_F88K_M255K_Y217Y_OFF_T_G17,OFF,2,0.8164,0.8976,0.9909,1,1.34,0,11.1,0,35.46,0,6.08,4.14,5.28,27,8
d_F88K_M255K_Y217Y_OFF_T_G17,OFF,3,0.8144,0.8769,0.9869,0,6.62,0,13.94,0,42.47,0,4.89,3.52,4.86,28,14
d_F88K_M255K_Y217Y_OFF_T_G17,OFF,4,0.8116,0.9018,0.9886,0,6.31,0,13.24,0,37.5,0,6.96,4.07,4.96,31,13
d_F88K_M255K_Y217Y_OFF_T_G17,OFF,5,0.8101,0.8993,0.9879,1,1.32,0,13.09,0,35.7,0,7.12,4.51,4.98,33,14
d_F88K_M255K_Y217Y_OFF_T_G17,OFF,6,0.7985,0.8332,0.9851,0,8.25,0,14.43,0,14.46,0,7.49,5.34,4.97,18,8
d_F88K_M255K_Y217Y_OFF_T_G17,OFF,7,0.7672,0.7399,0.9832,1,3.82,0,11.88,1,4.39,0,4.3,2.58,2.33,40,20
d_F88K_M255K_Y217Y_S1_G17,S1,0,0.8335,0.8071,0.9898,1,3.46,0,10.39,0,19.11,0,3.88,3.6,2.98,37,13
d_F88K_M255K_Y217Y_S1_G17,S1,1,0.8241,0.8338,0.9898,1,1.23,0,19.8,0,35.16,0,5.36,5.2,10.52,33,10
d_F88K_M255K_Y217Y_S1_G17,S1,2,0.8049,0.8811,0.9848,1,4.9,0,19.38,1,1.5,0,5.31,4.71,12.77,25,13
d_F88K_M255K_Y217Y_S1_G17,S1,3,0.7965,0.8305,0.9848,0,6.86,0,18.41,1,3.97,0,7.83,2.66,9.74,26,8
d_F88K_M255K_Y217Y_S1_G17,S1,4,0.7891,0.7127,0.9858,1,2.55,1,4.16,1,2.13,1,3.78,4.31,4.12,41,15
d_F88K_M255K_Y217Y_S1_G17,S1,5,0.7875,0.7473,0.986,0,5.41,1,3.91,1,3.78,1,2.01,4.36,3.07,37,12
d_F88K_M255K_Y217Y_S1_G17,S1,6,0.7785,0.6758,0.9831,1,2.81,1,3.3,1,1.19,1,4.44,2.87,4.87,37,15
d_F88K_M255K_Y217Y_S1_G17,S1,7,0.765,0.655,0.9833,1,3.81,1,3.02,0,5.19,0,3.05,3.78,2.93,34,14
d_F88K_M255M_Y217F_OFF_T_G17,OFF,0,0.8559,0.8864,0.9871,1,4.27,0,10.84,0,43.54,0,4.47,3.93,5.06,30,14
d_F88K_M255M_Y217F_OFF_T_G17,OFF,1,0.8308,0.8674,0.9879,0,6.91,0,14.18,0,12.96,0,4.03,3.07,3.15,31,14
d_F88K_M255M_Y217F_OFF_T_G17,OFF,2,0.8247,0.8324,0.9878,0,8.2,0,28.07,0,32.58,0,3.99,2.95,2.17,37,15
d_F88K_M255M_Y217F_OFF_T_G17,OFF,3,0.8202,0.9293,0.9898,1,4.19,0,17.93,0,43.61,0,4.6,3.37,3.98,48,20
d_F88K_M255M_Y217F_OFF_T_G17,OFF,4,0.8092,0.8028,0.9792,0,6.03,0,18.49,0,45.04,0,9.02,3.29,9.13,40,20
d_F88K_M255M_Y217F_OFF_T_G17,OFF,5,0.7778,0.6651,0.9797,1,3.96,0,12.35,0,44.75,0,4.27,3.54,4.39,35,19
d_F88K_M255M_Y217F_OFF_T_G17,OFF,6,0.7762,0.7771,0.9825,0,7.35,0,13.74,0,19.97,0,5.72,5.7,4.54,20,15
d_F88K_M255M_Y217F_OFF_T_G17,OFF,7,0.7608,0.6322,0.9813,0,8.68,0,21.99,0,35.94,0,7.19,5.61,2.2,18,10
d_F88K_M255M_Y217F_S1_G17,S1,0,0.8406,0.8552,0.9882,0,5.71,0,11.43,0,14.44,0,1.69,3.47,2.84,41,18
d_F88K_M255M_Y217F_S1_G17,S1,1,0.8276,0.8496,0.9904,0,5.09,0,5.5,1,3.64,0,4.24,2.87,5.29,39,15
d_F88K_M255M_Y217F_S1_G17,S1,2,0.8228,0.8307,0.9883,0,5.99,0,7.38,1,3.16,0,3.33,1.16,5.74,38,14
d_F88K_M255M_Y217F_S1_G17,S1,3,0.8189,0.8285,0.9903,0,6.42,0,6.69,1,2.01,0,3.8,4.36,5.13,46,15
d_F88K_M255M_Y217F_S1_G17,S1,4,0.8054,0.7991,0.9864,0,6.49,0,10.11,1,4.77,0,3.3,4.72,6.7,35,14
d_F88K_M255M_Y217F_S1_G17,S1,5,0.8026,0.7434,0.9842,1,3.26,1,4.96,1,2.9,1,4.99,4.0,4.37,40,14
d_F88K_M255M_Y217F_S1_G17,S1,6,0.7913,0.7042,0.9848,1,1.58,1,2.97,1,3.11,1,3.42,4.03,3.8,42,14
d_F88K_M255M_Y217F_S1_G17,S1,7,0.7698,0.685,0.9804,0,5.67,0,7.39,1,1.39,0,4.14,2.65,3.6,49,16
d_F88K_M255M_Y217R_OFF_T_G17,OFF,0,0.8522,0.9264,0.9926,1,3.87,0,11.26,1,2.99,0,3.29,4.47,3.42,48,19
d_F88K_M255M_Y217R_OFF_T_G17,OFF,1,0.837,0.869,0.9845,0,5.49,0,16.21,0,39.24,0,5.42,4.42,8.72,34,16
d_F88K_M255M_Y217R_OFF_T_G17,OFF,2,0.8217,0.8566,0.9914,0,8.46,0,25.96,0,45.64,0,4.5,3.58,4.81,33,12
d_F88K_M255M_Y217R_OFF_T_G17,OFF,3,0.816,0.8324,0.9852,0,5.8,0,24.54,0,21.51,0,3.57,5.33,9.82,21,8
d_F88K_M255M_Y217R_OFF_T_G17,OFF,4,0.8005,0.8965,0.9866,0,6.58,0,14.5,0,29.73,0,6.04,3.25,3.07,36,16
d_F88K_M255M_Y217R_OFF_T_G17,OFF,5,0.7924,0.8248,0.9866,0,9.67,0,17.89,0,17.42,0,8.36,5.09,2.56,11,6
d_F88K_M255M_Y217R_OFF_T_G17,OFF,6,0.7909,0.8032,0.9815,0,6.34,0,13.17,0,24.63,0,3.7,4.33,5.12,23,16
d_F88K_M255M_Y217R_OFF_T_G17,OFF,7,0.7833,0.7191,0.9825,0,6.83,0,27.71,0,25.76,0,5.4,3.88,4.01,24,8
d_F88K_M255M_Y217R_S1_G17,S1,0,0.8377,0.8324,0.9904,1,2.18,0,16.77,0,33.43,0,4.86,3.71,9.84,43,12
d_F88K_M255M_Y217R_S1_G17,S1,1,0.8319,0.8542,0.9904,1,3.87,0,14.51,0,16.11,0,5.36,4.53,6.35,29,13
d_F88K_M255M_Y217R_S1_G17,S1,2,0.8278,0.8149,0.9857,0,5.13,0,17.02,0,19.11,0,4.45,3.71,5.89,42,15
d_F88K_M255M_Y217R_S1_G17,S1,3,0.8224,0.7857,0.9883,1,4.64,0,15.98,0,14.8,0,2.97,2.94,6.31,24,11
d_F88K_M255M_Y217R_S1_G17,S1,4,0.8217,0.7791,0.9881,0,5.3,0,14.74,0,14.08,0,4.74,4.33,4.77,25,11
d_F88K_M255M_Y217R_S1_G17,S1,5,0.8083,0.788,0.9855,1,4.44,0,16.96,0,17.16,0,4.85,4.96,6.3,36,14
d_F88K_M255M_Y217R_S1_G17,S1,6,0.805,0.7252,0.9859,1,2.94,0,21.37,0,30.0,0,5.88,5.45,13.19,33,10
d_F88K_M255M_Y217R_S1_G17,S1,7,0.776,0.7153,0.9866,1,1.88,1,2.16,1,4.77,1,3.22,4.15,6.53,35,11
d_F88K_M255M_Y217Y_OFF_T_G17,OFF,0,0.8576,0.9022,0.9868,1,2.92,0,11.25,1,3.15,0,5.09,2.29,1.4,58,18
d_F88K_M255M_Y217Y_OFF_T_G17,OFF,1,0.8566,0.9354,0.9915,1,3.79,0,12.79,0,40.22,0,3.29,4.9,4.65,33,14
d_F88K_M255M_Y217Y_OFF_T_G17,OFF,2,0.8353,0.8744,0.9872,0,8.36,0,16.88,0,36.62,0,3.28,3.47,8.81,33,17
d_F88K_M255M_Y217Y_OFF_T_G17,OFF,3,0.8311,0.8873,0.988,0,5.0,0,15.05,0,34.42,0,5.14,5.63,8.86,38,18
d_F88K_M255M_Y217Y_OFF_T_G17,OFF,4,0.8278,0.9293,0.9906,0,5.93,0,12.65,0,42.18,0,5.49,1.9,4.91,39,16
d_F88K_M255M_Y217Y_OFF_T_G17,OFF,5,0.8137,0.8904,0.9853,0,14.66,0,16.89,0,32.97,0,14.7,3.96,12.25,24,11
d_F88K_M255M_Y217Y_OFF_T_G17,OFF,6,0.8134,0.825,0.9869,0,5.07,0,14.18,0,6.02,0,5.08,4.03,4.0,52,19
d_F88K_M255M_Y217Y_OFF_T_G17,OFF,7,0.8104,0.8684,0.987,0,5.96,0,5.21,0,31.83,0,8.0,2.9,8.95,24,12
d_F88K_M255M_Y217Y_S1_G17,S1,0,0.8551,0.9339,0.9909,1,4.29,0,15.55,0,19.35,0,3.41,3.08,6.43,47,17
d_F88K_M255M_Y217Y_S1_G17,S1,1,0.8511,0.9218,0.9903,1,2.85,0,20.51,0,29.53,0,5.23,4.18,10.56,36,13
d_F88K_M255M_Y217Y_S1_G17,S1,2,0.8319,0.8356,0.9898,1,3.15,1,4.22,1,4.01,1,3.99,1.17,4.59,39,13
d_F88K_M255M_Y217Y_S1_G17,S1,3,0.8294,0.8186,0.9893,1,1.96,1,4.03,1,3.56,1,3.09,2.04,4.79,37,13
d_F88K_M255M_Y217Y_S1_G17,S1,4,0.8276,0.8397,0.9913,1,2.97,1,3.71,1,3.12,1,5.1,4.13,5.2,40,15
d_F88K_M255M_Y217Y_S1_G17,S1,5,0.7979,0.7555,0.9833,0,5.15,0,19.33,0,16.16,0,6.32,2.7,3.52,32,12
d_F88K_M255M_Y217Y_S1_G17,S1,6,0.7953,0.8808,0.9868,1,2.84,0,15.26,0,33.36,0,3.59,5.76,4.22,42,17
d_F88K_M255M_Y217Y_S1_G17,S1,7,0.7746,0.6771,0.9793,1,1.56,0,17.86,0,32.46,0,5.37,2.95,8.45,40,16
d_F88R_M255A_Y217Y_OFF_T_G17,OFF,0,0.8597,0.9451,0.9927,0,5.5,0,9.19,0,41.53,0,4.67,3.51,4.96,29,13
d_F88R_M255A_Y217Y_OFF_T_G17,OFF,1,0.8437,0.9038,0.9899,1,2.88,0,14.51,0,45.6,0,6.25,4.26,6.31,33,13
d_F88R_M255A_Y217Y_OFF_T_G17,OFF,2,0.8421,0.892,0.9878,0,7.38,0,12.62,0,41.14,0,3.29,4.23,5.22,22,12
d_F88R_M255A_Y217Y_OFF_T_G17,OFF,3,0.8407,0.8927,0.9861,1,4.88,0,10.3,0,47.31,0,5.52,2.64,2.73,36,20
d_F88R_M255A_Y217Y_OFF_T_G17,OFF,4,0.8151,0.8787,0.9885,0,5.12,0,12.41,0,37.55,0,6.42,4.74,3.6,28,15
d_F88R_M255A_Y217Y_OFF_T_G17,OFF,5,0.8068,0.8552,0.9843,1,2.64,0,8.76,0,35.31,0,5.3,2.91,5.08,31,12
d_F88R_M255A_Y217Y_OFF_T_G17,OFF,6,0.7994,0.8094,0.9863,0,7.24,0,17.6,0,28.43,0,4.79,3.64,5.25,21,11
d_F88R_M255A_Y217Y_OFF_T_G17,OFF,7,0.7775,0.6355,0.9774,0,5.16,0,14.16,0,39.14,0,6.47,3.54,5.66,23,12
d_F88R_M255A_Y217Y_S1_G17,S1,0,0.8406,0.8405,0.9904,0,5.5,1,3.54,0,42.13,0,4.45,5.34,1.79,40,14
d_F88R_M255A_Y217Y_S1_G17,S1,1,0.837,0.9412,0.9921,0,6.19,0,15.23,0,15.32,0,4.38,2.93,4.61,36,19
d_F88R_M255A_Y217Y_S1_G17,S1,2,0.8328,0.8437,0.9913,1,4.81,1,2.66,1,4.98,1,3.7,2.37,4.93,40,14
d_F88R_M255A_Y217Y_S1_G17,S1,3,0.8036,0.8696,0.9891,1,1.99,0,16.97,0,41.54,0,6.83,4.85,7.77,49,18
d_F88R_M255A_Y217Y_S1_G17,S1,4,0.7997,0.7685,0.9892,1,3.71,1,2.63,1,3.45,1,4.16,3.3,4.33,45,15
d_F88R_M255A_Y217Y_S1_G17,S1,5,0.7877,0.73,0.9862,1,2.52,1,4.41,1,3.09,1,4.16,4.13,3.73,41,14
d_F88R_M255A_Y217Y_S1_G17,S1,6,0.7709,0.648,0.9865,1,2.3,0,5.52,1,2.66,0,5.02,4.39,3.35,35,12
d_F88R_M255A_Y217Y_S1_G17,S1,7,0.7689,0.6653,0.986,0,7.34,0,6.09,1,2.56,0,3.81,3.04,3.2,40,15
d_F88R_M255I_Y217Y_OFF_T_G17,OFF,0,0.857,0.9134,0.9861,0,8.58,0,9.45,0,31.11,0,8.2,2.28,3.68,30,17
d_F88R_M255I_Y217Y_OFF_T_G17,OFF,1,0.842,0.9017,0.9893,0,6.61,0,10.95,0,34.23,0,3.82,4.11,3.32,39,17
d_F88R_M255I_Y217Y_OFF_T_G17,OFF,2,0.84,0.9072,0.9896,1,4.6,0,9.46,1,2.14,0,3.82,2.23,3.81,40,20
d_F88R_M255I_Y217Y_OFF_T_G17,OFF,3,0.8253,0.8502,0.9866,0,6.61,0,13.6,0,38.27,0,3.9,4.81,5.11,23,11
d_F88R_M255I_Y217Y_OFF_T_G17,OFF,4,0.8076,0.8115,0.9827,0,5.93,0,12.16,0,40.93,0,5.66,3.87,4.33,28,14
d_F88R_M255I_Y217Y_OFF_T_G17,OFF,5,0.8026,0.8727,0.9898,0,5.94,0,9.66,0,29.83,0,3.36,4.97,8.51,36,17
d_F88R_M255I_Y217Y_OFF_T_G17,OFF,6,0.799,0.7679,0.9878,0,5.45,0,8.99,0,30.46,0,2.85,3.86,4.29,36,13
d_F88R_M255I_Y217Y_OFF_T_G17,OFF,7,0.7942,0.7828,0.984,1,4.95,0,7.78,0,28.81,0,3.66,5.76,5.24,41,19
d_F88R_M255I_Y217Y_S1_G17,S1,0,0.8343,0.841,0.99,1,2.29,1,2.85,1,2.75,1,4.26,3.1,5.87,42,15
d_F88R_M255I_Y217Y_S1_G17,S1,1,0.8333,0.9295,0.9918,1,1.76,0,15.7,0,32.47,0,5.71,3.72,6.05,46,19
d_F88R_M255I_Y217Y_S1_G17,S1,2,0.8277,0.9201,0.9925,1,1.9,0,13.87,0,40.99,0,5.32,4.32,7.44,51,19
d_F88R_M255I_Y217Y_S1_G17,S1,3,0.8203,0.8833,0.989,1,2.79,0,15.46,0,32.59,0,5.85,2.48,5.11,47,18
d_F88R_M255I_Y217Y_S1_G17,S1,4,0.7958,0.7901,0.9839,1,2.66,0,15.02,0,39.84,0,6.43,4.99,7.2,55,17
d_F88R_M255I_Y217Y_S1_G17,S1,5,0.7934,0.8275,0.9882,1,0.99,0,16.13,0,42.18,0,5.44,2.43,4.31,55,18
d_F88R_M255I_Y217Y_S1_G17,S1,6,0.7595,0.6602,0.984,0,6.67,0,11.37,1,1.3,0,2.28,3.1,3.1,43,15
d_F88R_M255I_Y217Y_S1_G17,S1,7,0.7579,0.7019,0.9849,1,2.18,0,14.13,0,39.92,0,6.94,5.17,5.94,55,16
d_F88R_M255K_Y217Y_OFF_T_G17,OFF,0,0.8558,0.9356,0.9898,0,8.07,0,12.91,0,44.27,0,6.63,2.07,5.42,38,19
d_F88R_M255K_Y217Y_OFF_T_G17,OFF,1,0.8476,0.91,0.9903,1,3.52,0,10.47,0,41.23,0,3.21,6.36,5.47,24,13
d_F88R_M255K_Y217Y_OFF_T_G17,OFF,2,0.8394,0.8725,0.9923,0,6.7,0,29.78,0,53.41,0,3.21,3.14,3.54,37,15
d_F88R_M255K_Y217Y_OFF_T_G17,OFF,3,0.8304,0.8233,0.9858,0,6.25,0,13.95,0,34.37,0,3.84,3.04,3.84,29,11
d_F88R_M255K_Y217Y_OFF_T_G17,OFF,4,0.8248,0.8724,0.9865,0,5.69,0,11.9,0,41.28,0,6.41,5.19,4.64,23,16
d_F88R_M255K_Y217Y_OFF_T_G17,OFF,5,0.8225,0.9039,0.9886,1,4.23,0,10.32,0,40.85,0,6.78,3.53,4.36,24,13
d_F88R_M255K_Y217Y_OFF_T_G17,OFF,6,0.8094,0.7653,0.9861,0,11.06,0,26.3,0,37.03,0,7.89,6.34,4.62,21,12
d_F88R_M255K_Y217Y_OFF_T_G17,OFF,7,0.7972,0.8326,0.9854,0,7.55,0,14.07,0,37.19,0,4.51,3.58,3.84,22,13
d_F88R_M255K_Y217Y_S1_G17,S1,0,0.8285,0.8645,0.9905,1,3.13,0,5.48,1,1.33,0,3.16,4.36,6.67,38,15
d_F88R_M255K_Y217Y_S1_G17,S1,1,0.8097,0.8834,0.9877,0,6.14,1,2.08,0,43.7,0,2.93,5.2,5.37,40,19
d_F88R_M255K_Y217Y_S1_G17,S1,2,0.8085,0.8556,0.9897,1,1.12,0,15.84,0,31.44,0,3.69,3.43,4.5,35,18
d_F88R_M255K_Y217Y_S1_G17,S1,3,0.807,0.8175,0.9889,0,6.59,1,3.02,1,2.63,1,3.45,4.3,3.51,39,14
d_F88R_M255K_Y217Y_S1_G17,S1,4,0.8037,0.749,0.988,1,2.58,1,2.81,1,4.15,1,3.04,3.08,5.06,36,12
d_F88R_M255K_Y217Y_S1_G17,S1,5,0.787,0.7374,0.9857,0,6.92,1,3.45,0,41.27,0,5.35,4.05,1.66,44,14
d_F88R_M255K_Y217Y_S1_G17,S1,6,0.7807,0.6866,0.9859,0,7.96,1,3.56,1,2.17,1,2.7,5.47,2.96,41,13
d_F88R_M255K_Y217Y_S1_G17,S1,7,0.7794,0.6887,0.9881,0,6.33,0,5.01,1,2.38,0,4.61,5.72,5.71,39,15
d_F88R_M255M_Y217Y_OFF_T_G17,OFF,0,0.8656,0.9342,0.9907,1,2.24,0,14.79,1,2.76,0,4.95,3.77,3.58,54,19
d_F88R_M255M_Y217Y_OFF_T_G17,OFF,1,0.8463,0.9244,0.9831,0,7.2,0,14.22,1,2.1,0,4.61,2.9,2.48,47,19
d_F88R_M255M_Y217Y_OFF_T_G17,OFF,2,0.845,0.8746,0.9866,1,4.3,0,8.33,1,1.82,0,3.12,1.15,2.18,54,20
d_F88R_M255M_Y217Y_OFF_T_G17,OFF,3,0.8445,0.8871,0.9881,0,6.31,0,11.84,0,45.73,0,3.9,4.75,4.35,33,13
d_F88R_M255M_Y217Y_OFF_T_G17,OFF,4,0.8359,0.883,0.9898,0,5.93,0,12.56,0,5.21,0,3.66,6.03,3.4,43,18
d_F88R_M255M_Y217Y_OFF_T_G17,OFF,5,0.8198,0.9112,0.9854,0,5.15,0,8.94,0,29.36,0,4.68,3.85,3.31,49,20
d_F88R_M255M_Y217Y_OFF_T_G17,OFF,6,0.8045,0.8472,0.9855,0,6.83,0,28.91,0,27.12,0,3.18,2.79,3.09,47,16
d_F88R_M255M_Y217Y_OFF_T_G17,OFF,7,0.7919,0.8396,0.9852,0,6.35,0,13.08,0,34.04,0,4.83,4.4,3.28,26,16
d_F88R_M255M_Y217Y_S1_G17,S1,0,0.8293,0.8305,0.9902,1,2.99,1,2.27,1,3.51,1,4.05,3.59,4.19,39,15
d_F88R_M255M_Y217Y_S1_G17,S1,1,0.8266,0.8633,0.9889,1,2.35,0,16.38,0,29.46,0,6.28,4.87,11.28,36,12
d_F88R_M255M_Y217Y_S1_G17,S1,2,0.8243,0.8931,0.9884,0,6.01,0,18.86,1,0.86,0,8.37,4.04,8.64,29,12
d_F88R_M255M_Y217Y_S1_G17,S1,3,0.815,0.8543,0.9892,0,6.13,0,16.42,1,2.57,0,1.81,2.13,2.61,41,16
d_F88R_M255M_Y217Y_S1_G17,S1,4,0.8121,0.8431,0.9889,0,5.78,0,17.88,1,2.04,0,2.63,3.58,3.8,39,15
d_F88R_M255M_Y217Y_S1_G17,S1,5,0.8086,0.9161,0.9908,1,1.89,0,14.47,0,39.42,0,5.74,3.35,5.14,56,17
d_F88R_M255M_Y217Y_S1_G17,S1,6,0.8028,0.7448,0.9891,1,4.54,1,4.82,1,1.52,1,4.11,4.51,4.27,42,14
d_F88R_M255M_Y217Y_S1_G17,S1,7,0.7886,0.8283,0.988,1,1.02,0,15.56,0,40.65,0,5.59,4.95,7.41,56,18
d_F88W_M255A_Y217Y_OFF_T_G17,OFF,0,0.861,0.8876,0.9877,1,4.2,0,17.62,0,47.19,0,5.86,3.92,5.55,25,11
d_F88W_M255A_Y217Y_OFF_T_G17,OFF,1,0.8592,0.9226,0.99,1,4.62,0,13.99,0,39.49,0,4.67,3.64,3.61,37,13
d_F88W_M255A_Y217Y_OFF_T_G17,OFF,2,0.8475,0.9176,0.9912,0,5.21,0,14.95,0,39.59,0,4.6,5.86,4.53,31,13
d_F88W_M255A_Y217Y_OFF_T_G17,OFF,3,0.8461,0.8763,0.987,0,5.73,0,14.29,0,42.86,0,4.75,4.74,4.62,30,12
d_F88W_M255A_Y217Y_OFF_T_G17,OFF,4,0.8411,0.8995,0.9865,1,3.67,0,15.08,0,40.66,0,4.45,2.99,3.52,37,16
d_F88W_M255A_Y217Y_OFF_T_G17,OFF,5,0.8306,0.851,0.985,0,5.9,0,14.75,0,36.04,0,6.49,5.18,5.36,22,10
d_F88W_M255A_Y217Y_OFF_T_G17,OFF,6,0.8069,0.7992,0.9872,0,5.22,0,29.0,0,33.28,0,3.83,2.5,4.82,39,15
d_F88W_M255A_Y217Y_OFF_T_G17,OFF,7,0.7951,0.8038,0.9832,0,6.18,0,20.02,0,31.44,0,3.65,4.67,3.32,35,17
d_F88W_M255A_Y217Y_S1_G17,S1,0,0.86,0.8901,0.9898,0,5.78,0,11.22,0,22.13,0,3.56,4.65,3.59,33,14
d_F88W_M255A_Y217Y_S1_G17,S1,1,0.8458,0.9268,0.9919,1,4.16,0,16.08,0,19.22,0,4.07,5.02,3.66,42,18
d_F88W_M255A_Y217Y_S1_G17,S1,2,0.8385,0.8468,0.9904,0,6.03,0,14.86,0,13.97,0,3.71,3.08,4.48,33,13
d_F88W_M255A_Y217Y_S1_G17,S1,3,0.8352,0.9406,0.9906,0,6.32,0,5.15,0,43.13,0,4.99,2.86,6.51,33,20
d_F88W_M255A_Y217Y_S1_G17,S1,4,0.8183,0.8762,0.9893,0,6.8,0,18.27,0,13.93,0,3.87,3.2,2.56,44,19
d_F88W_M255A_Y217Y_S1_G17,S1,5,0.8178,0.8451,0.9883,0,6.82,1,2.71,1,3.75,1,3.59,4.71,4.97,46,15
d_F88W_M255A_Y217Y_S1_G17,S1,6,0.8114,0.8285,0.9882,0,7.37,1,3.24,1,3.31,1,2.49,3.92,2.1,50,14
d_F88W_M255A_Y217Y_S1_G17,S1,7,0.7944,0.726,0.9841,0,7.11,0,14.36,0,14.29,0,2.12,3.77,3.08,43,16
d_F88W_M255I_Y217Y_OFF_T_G17,OFF,0,0.852,0.9077,0.9885,0,6.58,0,15.07,0,34.76,0,5.23,4.29,1.62,31,19
d_F88W_M255I_Y217Y_OFF_T_G17,OFF,1,0.8503,0.9463,0.9903,0,6.92,0,13.6,0,44.43,0,5.9,2.94,4.97,34,17
d_F88W_M255I_Y217Y_OFF_T_G17,OFF,2,0.8435,0.8942,0.9895,1,4.42,0,14.75,0,43.7,0,4.57,4.17,4.14,29,12
d_F88W_M255I_Y217Y_OFF_T_G17,OFF,3,0.8432,0.9021,0.9883,0,7.05,0,12.89,0,36.45,0,4.48,2.74,8.63,42,19
d_F88W_M255I_Y217Y_OFF_T_G17,OFF,4,0.8378,0.9046,0.9901,0,5.13,0,26.07,0,16.99,0,4.36,4.92,5.5,30,13
d_F88W_M255I_Y217Y_OFF_T_G17,OFF,5,0.8338,0.9112,0.9895,0,6.25,0,15.61,0,25.9,0,2.91,4.91,1.44,35,13
d_F88W_M255I_Y217Y_OFF_T_G17,OFF,6,0.82,0.8559,0.9855,0,6.37,0,13.39,0,42.26,0,5.77,4.14,3.91,20,10
d_F88W_M255I_Y217Y_OFF_T_G17,OFF,7,0.7785,0.6957,0.9825,0,5.03,0,23.98,0,25.98,0,5.74,3.4,8.98,24,10
d_F88W_M255I_Y217Y_S1_G17,S1,0,0.8522,0.901,0.989,1,2.17,0,18.03,0,34.27,0,5.68,4.46,9.35,46,16
d_F88W_M255I_Y217Y_S1_G17,S1,1,0.8221,0.8629,0.989,0,6.18,0,20.34,0,18.5,0,4.4,2.75,5.54,37,14
d_F88W_M255I_Y217Y_S1_G17,S1,2,0.8005,0.7877,0.986,0,6.37,0,17.4,0,16.41,0,4.82,3.1,4.73,49,19
d_F88W_M255I_Y217Y_S1_G17,S1,3,0.7959,0.8053,0.987,1,4.02,0,16.17,0,18.26,0,6.35,4.65,6.4,43,19
d_F88W_M255I_Y217Y_S1_G17,S1,4,0.7915,0.7542,0.9869,0,7.88,1,2.88,1,2.72,1,2.02,4.71,3.76,48,15
d_F88W_M255I_Y217Y_S1_G17,S1,5,0.765,0.68,0.9829,0,6.53,0,21.4,0,16.13,0,4.99,2.08,4.68,46,16
d_F88W_M255I_Y217Y_S1_G17,S1,6,0.7505,0.5908,0.9838,0,6.23,1,2.98,1,2.75,1,3.12,4.27,4.07,42,14
d_F88W_M255I_Y217Y_S1_G17,S1,7,0.729,0.5782,0.9811,1,3.59,0,16.99,0,21.64,0,4.39,1.89,5.55,35,15
d_F88W_M255K_Y217Y_OFF_T_G17,OFF,0,0.8619,0.9283,0.9919,1,4.3,0,14.41,0,44.42,0,4.57,3.9,3.8,35,13
d_F88W_M255K_Y217Y_OFF_T_G17,OFF,1,0.8581,0.9355,0.988,0,7.02,0,10.14,0,40.63,0,6.31,3.11,3.8,38,19
d_F88W_M255K_Y217Y_OFF_T_G17,OFF,2,0.8518,0.9238,0.9907,0,5.11,0,16.07,0,29.97,0,5.12,5.58,4.74,48,16
d_F88W_M255K_Y217Y_OFF_T_G17,OFF,3,0.848,0.9051,0.9901,0,5.16,0,21.87,0,15.5,0,3.81,4.8,7.76,22,8
d_F88W_M255K_Y217Y_OFF_T_G17,OFF,4,0.8441,0.868,0.9889,0,5.45,0,19.91,0,34.13,0,3.64,3.3,8.97,44,15
d_F88W_M255K_Y217Y_OFF_T_G17,OFF,5,0.8441,0.941,0.9903,1,4.1,0,13.91,0,44.78,0,5.54,2.67,4.7,35,21
d_F88W_M255K_Y217Y_OFF_T_G17,OFF,6,0.828,0.8406,0.9882,0,6.38,0,18.94,0,37.67,0,4.58,4.84,7.14,38,12
d_F88W_M255K_Y217Y_OFF_T_G17,OFF,7,0.7934,0.7073,0.9811,1,4.74,0,15.52,0,44.75,0,5.23,4.26,6.36,36,14
d_F88W_M255K_Y217Y_S1_G17,S1,0,0.8479,0.8457,0.9912,0,5.1,0,13.8,0,16.72,0,3.34,2.14,3.25,34,12
d_F88W_M255K_Y217Y_S1_G17,S1,1,0.8408,0.8556,0.9886,0,6.15,0,11.35,0,24.39,0,4.34,3.89,2.61,38,13
d_F88W_M255K_Y217Y_S1_G17,S1,2,0.8181,0.8405,0.9894,1,4.98,0,18.14,0,25.15,0,5.47,4.8,4.73,45,16
d_F88W_M255K_Y217Y_S1_G17,S1,3,0.814,0.9282,0.991,1,0.7,0,15.4,0,34.03,0,4.61,4.46,4.78,39,15
d_F88W_M255K_Y217Y_S1_G17,S1,4,0.8044,0.8027,0.9826,0,5.99,0,12.05,0,12.59,0,4.13,2.15,4.99,40,18
d_F88W_M255K_Y217Y_S1_G17,S1,5,0.7927,0.7359,0.9838,0,5.77,1,2.51,1,2.45,1,3.5,3.94,2.41,37,12
d_F88W_M255K_Y217Y_S1_G17,S1,6,0.7889,0.6835,0.9831,0,7.24,1,3.72,1,2.72,1,3.06,4.13,2.42,40,14
d_F88W_M255K_Y217Y_S1_G17,S1,7,0.7738,0.7793,0.9854,1,3.55,0,14.28,0,19.86,0,5.41,3.55,5.71,33,13
d_F88W_M255M_Y217Y_OFF_T_G17,OFF,0,0.8567,0.885,0.9878,1,3.99,0,14.94,0,42.77,0,4.95,5.04,4.34,37,12
d_F88W_M255M_Y217Y_OFF_T_G17,OFF,1,0.8542,0.8554,0.9897,1,4.86,0,27.27,0,41.21,0,3.16,3.59,4.36,45,16
d_F88W_M255M_Y217Y_OFF_T_G17,OFF,2,0.8518,0.9054,0.986,0,8.09,0,12.18,0,33.18,0,6.2,3.03,4.2,30,13
d_F88W_M255M_Y217Y_OFF_T_G17,OFF,3,0.8438,0.9088,0.9878,0,6.75,0,10.32,0,28.74,0,2.69,2.92,4.38,38,20
d_F88W_M255M_Y217Y_OFF_T_G17,OFF,4,0.8394,0.9047,0.989,0,6.11,0,13.91,0,40.83,0,3.9,4.32,5.04,29,12
d_F88W_M255M_Y217Y_OFF_T_G17,OFF,5,0.8332,0.9062,0.9899,0,6.54,0,13.79,0,38.44,0,3.9,4.29,3.34,32,15
d_F88W_M255M_Y217Y_OFF_T_G17,OFF,6,0.8173,0.8135,0.9849,0,6.4,0,17.07,0,37.12,0,4.71,4.26,4.72,37,12
d_F88W_M255M_Y217Y_OFF_T_G17,OFF,7,0.8054,0.8129,0.9828,0,7.87,0,10.63,0,40.26,0,6.06,2.78,2.56,44,20
d_F88W_M255M_Y217Y_S1_G17,S1,0,0.8606,0.9407,0.9915,1,4.64,0,16.96,0,18.01,0,4.31,2.6,4.35,47,17
d_F88W_M255M_Y217Y_S1_G17,S1,1,0.8561,0.8693,0.9909,1,3.15,0,17.94,0,30.86,0,4.53,4.67,9.88,38,11
d_F88W_M255M_Y217Y_S1_G17,S1,2,0.8447,0.8696,0.9911,1,1.71,0,19.79,0,33.39,0,6.19,6.27,10.89,35,13
d_F88W_M255M_Y217Y_S1_G17,S1,3,0.8272,0.7849,0.9886,0,5.33,0,11.43,0,17.31,0,3.84,3.65,3.99,36,13
d_F88W_M255M_Y217Y_S1_G17,S1,4,0.8111,0.9031,0.9897,0,6.53,0,5.37,0,46.12,0,4.18,3.65,2.82,42,18
d_F88W_M255M_Y217Y_S1_G17,S1,5,0.811,0.8106,0.9874,1,2.74,0,18.77,0,23.92,0,5.14,3.12,5.45,36,15
d_F88W_M255M_Y217Y_S1_G17,S1,6,0.8072,0.8516,0.9893,1,0.97,0,18.97,0,33.26,0,5.34,4.8,7.02,39,14
d_F88W_M255M_Y217Y_S1_G17,S1,7,0.7652,0.6508,0.9839,0,7.89,1,3.48,1,4.54,1,2.94,5.31,3.41,37,13
d_F88Y_M255A_Y217Y_OFF_T_G17,OFF,0,0.8603,0.8923,0.9889,0,5.34,0,16.03,0,54.38,0,4.67,4.02,3.95,31,14
d_F88Y_M255A_Y217Y_OFF_T_G17,OFF,1,0.857,0.9351,0.9926,1,3.42,0,15.66,0,56.18,0,5.48,3.07,6.73,34,17
d_F88Y_M255A_Y217Y_OFF_T_G17,OFF,2,0.8459,0.8973,0.9915,0,5.73,0,27.14,0,26.78,0,5.87,3.08,8.98,35,15
d_F88Y_M255A_Y217Y_OFF_T_G17,OFF,3,0.8445,0.9055,0.9889,0,5.03,0,11.68,0,23.78,0,3.85,0.58,3.61,28,14
d_F88Y_M255A_Y217Y_OFF_T_G17,OFF,4,0.839,0.9416,0.9928,1,3.8,0,15.29,0,36.33,0,3.14,5.42,10.04,33,12
d_F88Y_M255A_Y217Y_OFF_T_G17,OFF,5,0.8322,0.8764,0.9899,0,11.89,0,23.89,0,35.42,0,5.81,10.15,6.91,15,8
d_F88Y_M255A_Y217Y_OFF_T_G17,OFF,6,0.83,0.9063,0.9889,1,3.75,0,25.21,0,40.39,0,3.2,2.77,4.39,51,18
d_F88Y_M255A_Y217Y_OFF_T_G17,OFF,7,0.8265,0.8619,0.9889,1,2.89,0,14.85,0,43.75,0,5.18,3.79,4.68,32,12
d_F88Y_M255A_Y217Y_S1_G17,S1,0,0.8479,0.8549,0.9886,0,6.2,0,11.66,0,16.23,0,4.41,3.6,3.61,49,14
d_F88Y_M255A_Y217Y_S1_G17,S1,1,0.8435,0.902,0.9892,1,3.92,0,15.95,0,15.46,0,2.99,4.45,4.84,52,19
d_F88Y_M255A_Y217Y_S1_G17,S1,2,0.8375,0.9194,0.9917,0,5.07,0,13.44,1,4.66,0,6.08,2.92,5.0,57,19
d_F88Y_M255A_Y217Y_S1_G17,S1,3,0.8327,0.8072,0.9873,1,4.16,0,12.58,0,14.62,0,5.15,2.37,6.59,36,14
d_F88Y_M255A_Y217Y_S1_G17,S1,4,0.8315,0.8569,0.9914,1,2.9,0,18.97,0,30.49,0,6.24,6.15,13.44,39,11
d_F88Y_M255A_Y217Y_S1_G17,S1,5,0.8168,0.8138,0.9893,0,7.27,0,13.87,0,10.6,0,6.66,3.55,5.0,32,11
d_F88Y_M255A_Y217Y_S1_G17,S1,6,0.8023,0.795,0.988,0,5.98,0,13.43,0,12.51,0,3.57,3.33,3.74,43,15
d_F88Y_M255A_Y217Y_S1_G17,S1,7,0.8008,0.7497,0.9862,0,7.45,0,14.63,0,12.06,0,6.88,4.2,5.97,30,11
d_F88Y_M255I_Y217Y_OFF_T_G17,OFF,0,0.8671,0.9475,0.9909,0,6.74,0,14.75,0,41.89,0,6.43,4.36,4.66,38,21
d_F88Y_M255I_Y217Y_OFF_T_G17,OFF,1,0.8552,0.8849,0.9894,0,5.93,0,16.54,0,31.77,0,6.14,2.95,2.42,43,17
d_F88Y_M255I_Y217Y_OFF_T_G17,OFF,2,0.8505,0.9289,0.9886,0,8.03,0,14.24,0,37.21,0,9.47,4.5,1.86,34,13
d_F88Y_M255I_Y217Y_OFF_T_G17,OFF,3,0.8414,0.9148,0.9885,0,6.15,0,13.98,0,33.85,0,4.61,3.3,2.84,32,12
d_F88Y_M255I_Y217Y_OFF_T_G17,OFF,4,0.8295,0.8335,0.9831,0,6.12,0,17.22,0,33.0,0,4.62,4.01,2.85,43,19
d_F88Y_M255I_Y217Y_OFF_T_G17,OFF,5,0.8256,0.8905,0.9893,1,3.02,0,11.31,0,5.37,0,4.32,3.41,3.76,46,19
d_F88Y_M255I_Y217Y_OFF_T_G17,OFF,6,0.8125,0.882,0.9867,0,7.49,0,14.47,0,40.97,0,4.84,4.02,4.79,35,16
d_F88Y_M255I_Y217Y_OFF_T_G17,OFF,7,0.7664,0.673,0.9829,0,7.03,0,20.44,0,44.56,0,4.5,3.68,6.57,51,21
d_F88Y_M255I_Y217Y_S1_G17,S1,0,0.8628,0.9407,0.9921,1,4.19,0,18.05,0,17.26,0,4.64,4.2,6.08,43,17
d_F88Y_M255I_Y217Y_S1_G17,S1,1,0.8512,0.9293,0.9907,1,3.26,0,16.25,0,19.61,0,4.62,4.73,6.11,44,17
d_F88Y_M255I_Y217Y_S1_G17,S1,2,0.8277,0.8259,0.9906,1,4.57,0,11.32,0,16.14,0,3.81,2.56,4.24,34,10
d_F88Y_M255I_Y217Y_S1_G17,S1,3,0.8258,0.8446,0.9915,0,5.95,1,3.66,1,1.93,1,3.75,3.75,2.57,42,15
d_F88Y_M255I_Y217Y_S1_G17,S1,4,0.8242,0.8578,0.9915,1,3.34,1,3.46,1,0.87,1,4.13,2.68,4.29,43,14
d_F88Y_M255I_Y217Y_S1_G17,S1,5,0.8238,0.9187,0.9925,1,5.0,0,14.54,0,16.4,0,4.19,4.34,5.5,40,13
d_F88Y_M255I_Y217Y_S1_G17,S1,6,0.8176,0.8403,0.9902,0,5.61,1,4.71,0,41.81,0,2.38,3.58,2.95,42,12
d_F88Y_M255I_Y217Y_S1_G17,S1,7,0.8032,0.7508,0.9883,0,5.76,1,2.75,1,2.96,1,3.21,4.02,4.93,35,13
d_F88Y_M255K_Y217Y_OFF_T_G17,OFF,0,0.8549,0.9081,0.9906,1,4.26,0,14.65,0,32.76,0,2.82,4.28,7.1,48,17
d_F88Y_M255K_Y217Y_OFF_T_G17,OFF,1,0.8539,0.9409,0.9931,1,4.61,0,14.09,0,31.47,0,4.81,5.22,5.28,32,15
d_F88Y_M255K_Y217Y_OFF_T_G17,OFF,2,0.8511,0.9204,0.9899,1,4.27,0,13.62,0,46.13,0,3.08,3.16,6.25,28,14
d_F88Y_M255K_Y217Y_OFF_T_G17,OFF,3,0.8495,0.9213,0.9866,0,7.98,0,12.69,0,34.18,0,8.92,2.96,3.04,33,14
d_F88Y_M255K_Y217Y_OFF_T_G17,OFF,4,0.8483,0.9014,0.987,0,9.07,0,11.32,0,41.33,0,5.82,2.9,3.96,34,20
d_F88Y_M255K_Y217Y_OFF_T_G17,OFF,5,0.8424,0.9456,0.9938,1,2.43,0,11.08,1,3.02,0,3.69,5.11,2.27,50,22
d_F88Y_M255K_Y217Y_OFF_T_G17,OFF,6,0.8379,0.9171,0.9885,0,7.56,0,10.96,0,30.84,0,5.35,3.68,9.18,36,18
d_F88Y_M255K_Y217Y_OFF_T_G17,OFF,7,0.8142,0.9246,0.992,1,3.59,0,22.27,0,21.29,0,5.54,3.78,9.82,35,12
d_F88Y_M255K_Y217Y_S1_G17,S1,0,0.8565,0.8668,0.9911,1,4.39,0,12.61,0,18.26,0,3.61,3.49,3.89,34,12
d_F88Y_M255K_Y217Y_S1_G17,S1,1,0.8521,0.8741,0.9915,1,1.76,0,16.51,0,32.35,0,5.88,6.47,11.07,32,12
d_F88Y_M255K_Y217Y_S1_G17,S1,2,0.8456,0.9069,0.9939,1,1.67,0,18.53,0,34.37,0,5.82,5.32,11.29,44,12
d_F88Y_M255K_Y217Y_S1_G17,S1,3,0.8263,0.832,0.9901,1,2.52,1,2.8,1,3.48,1,3.37,1.15,4.79,44,15
d_F88Y_M255K_Y217Y_S1_G17,S1,4,0.8184,0.8912,0.9888,1,2.25,0,15.87,0,40.16,0,6.43,4.49,5.15,60,19
d_F88Y_M255K_Y217Y_S1_G17,S1,5,0.8171,0.7694,0.9868,1,4.15,0,13.27,0,15.58,0,3.1,4.82,3.73,43,11
d_F88Y_M255K_Y217Y_S1_G17,S1,6,0.7849,0.7283,0.9838,1,2.09,0,16.88,0,18.99,0,4.67,5.09,5.5,46,18
d_F88Y_M255K_Y217Y_S1_G17,S1,7,0.7726,0.6322,0.9848,1,3.39,1,2.95,1,2.43,1,3.78,3.92,4.7,37,12
d_F88Y_M255M_Y217Y_OFF_T_G17,OFF,0,0.8617,0.9422,0.9901,1,3.87,0,14.73,1,1.58,0,4.15,1.98,3.01,51,21
d_F88Y_M255M_Y217Y_OFF_T_G17,OFF,1,0.8502,0.9491,0.9905,0,5.5,0,25.16,1,4.34,0,4.03,3.43,6.58,43,23
d_F88Y_M255M_Y217Y_OFF_T_G17,OFF,2,0.8475,0.9171,0.9909,0,5.2,0,14.86,0,45.15,0,4.03,4.92,7.33,30,12
d_F88Y_M255M_Y217Y_OFF_T_G17,OFF,3,0.8419,0.9108,0.9903,0,5.69,0,13.9,0,26.91,0,5.1,3.68,3.79,39,19
d_F88Y_M255M_Y217Y_OFF_T_G17,OFF,4,0.8418,0.9352,0.9913,0,6.23,0,12.87,0,32.35,0,5.33,3.48,0.73,55,20
d_F88Y_M255M_Y217Y_OFF_T_G17,OFF,5,0.8287,0.8776,0.9894,0,5.28,0,12.14,1,3.75,0,3.38,4.36,1.38,38,19
d_F88Y_M255M_Y217Y_OFF_T_G17,OFF,6,0.8256,0.9333,0.9921,1,4.25,0,12.87,0,33.04,0,3.67,4.89,7.12,47,21
d_F88Y_M255M_Y217Y_OFF_T_G17,OFF,7,0.7646,0.6942,0.9828,0,6.01,0,23.34,0,34.87,0,4.1,3.06,2.06,48,21
d_F88Y_M255M_Y217Y_S1_G17,S1,0,0.8523,0.8629,0.99,0,5.71,0,21.62,0,26.27,0,3.83,3.92,4.65,45,15
d_F88Y_M255M_Y217Y_S1_G17,S1,1,0.8447,0.8542,0.989,1,2.48,0,19.66,0,32.27,0,4.36,4.11,12.69,41,11
d_F88Y_M255M_Y217Y_S1_G17,S1,2,0.8353,0.8725,0.9886,0,6.29,0,21.25,1,3.53,0,3.27,3.15,6.42,36,17
d_F88Y_M255M_Y217Y_S1_G17,S1,3,0.8317,0.8153,0.9894,1,2.95,0,18.71,0,30.59,0,5.61,7.37,10.17,33,13
d_F88Y_M255M_Y217Y_S1_G17,S1,4,0.8164,0.7975,0.9862,1,4.43,0,11.63,0,22.79,0,2.68,3.42,2.93,42,15
d_F88Y_M255M_Y217Y_S1_G17,S1,5,0.7882,0.7087,0.9832,1,2.75,0,22.9,0,28.25,0,6.25,6.63,11.82,34,11
d_F88Y_M255M_Y217Y_S1_G17,S1,6,0.7601,0.5814,0.9831,1,3.68,1,2.92,1,2.02,1,3.71,4.18,3.68,43,15
d_F88Y_M255M_Y217Y_S1_G17,S1,7,0.7396,0.5282,0.9794,1,2.55,0,15.97,0,29.0,0,3.75,3.01,3.63,36,15
