variant,cond,n,act,dual,dcat,d17,d23,iface,ntcov
d_F88F_M255A_Y217Y,OFF_T_G17,100,0.32,0.0,6.0045,16.0852,32.1663,32.68,12.94
d_F88F_M255A_Y217Y,S1_G17,100,0.55,0.22,4.5153,12.558399999999999,14.3658,39.6,12.9
d_F88F_M255I_Y217Y,OFF_T_G17,100,0.44,0.0,5.6666,16.3843,29.1855,36.76,13.67
d_F88F_M255I_Y217Y,S1_G17,100,0.71,0.24,3.9998,12.831299999999999,16.4504,38.57,12.36
d_F88F_M255K_Y217Y,OFF_T_G17,100,0.3,0.0,6.0284,15.669400000000001,24.4688,36.68,14.52
d_F88F_M255K_Y217Y,S1_G17,100,0.58,0.13,4.3502,13.9879,16.9605,39.68,13.14
d_F88F_M255M_Y217Y,OFF_T_G17,100,0.46,0.0,5.346799999999999,17.296400000000002,22.3085,41.9,14.99
d_F88F_M255M_Y217Y,S1_G17,100,0.63,0.32,4.021100000000001,12.2317,15.0022,38.64,12.51
d_F88K_M255A_Y217Y,OFF_T_G17,100,0.2,0.0,6.7379999999999995,15.4001,34.1943,28.82,12.64
d_F88K_M255A_Y217Y,S1_G17,100,0.61,0.46,4.3133,8.3373,9.225900000000001,39.6,13.21
d_F88K_M255I_Y217Y,OFF_T_G17,100,0.27,0.0,6.3657,15.6104,29.8679,30.81,12.9
d_F88K_M255I_Y217Y,S1_G17,100,0.79,0.53,3.7435,8.399,10.349400000000001,39.95,13.68
d_F88K_M255K_Y217Y,OFF_T_G17,100,0.33,0.0,5.95,15.276,32.0241,31.47,12.52
d_F88K_M255K_Y217Y,S1_G17,100,0.67,0.35,4.0775,10.998099999999999,15.076199999999998,40.02,14.07
d_F88K_M255M_Y217F,OFF_T_G17,100,0.21,0.0,7.312200000000001,16.0006,32.388400000000004,28.84,12.33
d_F88K_M255M_Y217F,S1_G17,100,0.38,0.21,5.1864,10.3246,6.3174,38.43,13.88
d_F88K_M255M_Y217R,OFF_T_G17,100,0.31,0.0,6.1824,16.203599999999998,30.793499999999998,30.58,11.98
d_F88K_M255M_Y217R,S1_G17,100,0.65,0.02,4.1754,14.2224,23.8607,34.75,12.09
d_F88K_M255M_Y217Y,OFF_T_G17,100,0.22,0.0,6.4143,17.0301,29.4415,35.35,13.59
d_F88K_M255M_Y217Y,S1_G17,100,0.74,0.29,3.6863,11.514000000000001,13.4245,39.51,13.55
d_F88R_M255A_Y217Y,OFF_T_G17,100,0.25,0.0,5.668200000000001,12.728299999999999,36.8408,30.99,13.07
d_F88R_M255A_Y217Y,S1_G17,100,0.63,0.41,4.4030000000000005,8.7515,16.6973,39.11,13.24
d_F88R_M255I_Y217Y,OFF_T_G17,100,0.13,0.0,6.1988,12.448900000000002,30.9754,33.16,13.96
d_F88R_M255I_Y217Y,S1_G17,100,0.71,0.29,3.8846,10.1791,17.346700000000002,40.61,13.45
d_F88R_M255K_Y217Y,OFF_T_G17,100,0.16,0.0,6.136699999999999,12.6929,30.9379,35.58,14.43
d_F88R_M255K_Y217Y,S1_G17,100,0.56,0.3,4.2482,9.7371,18.944300000000002,39.18,13.79
d_F88R_M255M_Y217Y,OFF_T_G17,100,0.16,0.0,6.0221,13.901200000000001,27.9471,40.17,15.7
d_F88R_M255M_Y217Y,S1_G17,100,0.66,0.16,3.8979000000000004,12.0504,18.3173,39.18,12.94
d_F88W_M255A_Y217Y,OFF_T_G17,100,0.32,0.0,5.485,15.3923,38.501599999999996,30.84,12.29
d_F88W_M255A_Y217Y,S1_G17,100,0.46,0.09,4.8083,14.7881,16.5159,38.28,13.51
d_F88W_M255I_Y217Y,OFF_T_G17,100,0.41,0.0,5.5275,17.0243,32.449600000000004,32.81,12.78
d_F88W_M255I_Y217Y,S1_G17,100,0.55,0.13,4.4888,14.431,21.077600000000004,38.16,13.41
d_F88W_M255K_Y217Y,OFF_T_G17,100,0.35,0.0,5.8032,16.8611,32.3702,31.39,12.2
d_F88W_M255K_Y217Y,S1_G17,100,0.6,0.05,4.3055,15.838199999999999,21.684900000000003,38.9,13.96
d_F88W_M255M_Y217Y,OFF_T_G17,100,0.41,0.0,5.5006,16.6482,33.4748,35.34,13.26
d_F88W_M255M_Y217Y,S1_G17,100,0.51,0.12,4.6175999999999995,14.5437,19.3129,39.31,13.27
d_F88Y_M255A_Y217Y,OFF_T_G17,100,0.48,0.0,5.5748,16.4478,33.1201,35.24,14.19
d_F88Y_M255A_Y217Y,S1_G17,100,0.56,0.28,4.623,10.6239,13.166500000000001,41.13,13.56
d_F88Y_M255I_Y217Y,OFF_T_G17,100,0.46,0.0,5.2651,16.1147,30.3459,35.79,13.93
d_F88Y_M255I_Y217Y,S1_G17,100,0.7,0.27,3.8544,12.0066,17.0243,40.69,13.18
d_F88Y_M255K_Y217Y,OFF_T_G17,100,0.41,0.0,5.632999999999999,15.917200000000001,31.0737,37.88,14.53
d_F88Y_M255K_Y217Y,S1_G17,100,0.64,0.25,4.1587,11.689200000000001,18.3264,40.56,13.88
d_F88Y_M255M_Y217Y,OFF_T_G17,100,0.44,0.0,5.3635,17.303900000000002,26.9739,41.02,15.5
d_F88Y_M255M_Y217Y,S1_G17,100,0.72,0.17,3.6134,13.6604,18.392,38.25,12.28
sm_TrackF_F88R,OFF_T_G17,100,0.59,0.0,4.3233999999999995,13.6217,36.5078,30.25,11.16
sm_TrackF_F88R,S1_G17,100,0.85,0.57,3.5288999999999997,6.7989999999999995,12.6301,42.59,13.52
sm_TrackF_F88W,OFF_T_G17,100,0.41,0.0,5.1464,16.4437,37.6215,29.26,11.23
sm_TrackF_F88W,S1_G17,100,0.71,0.14,4.1653,12.7093,19.065,35.9,12.88
sm_TrackF_F88Y,OFF_T_G17,100,0.49,0.0,4.9944999999999995,15.491900000000001,34.3219,31.49,12.0
sm_TrackF_F88Y,S1_G17,100,0.83,0.54,3.6321999999999997,7.741499999999999,10.2608,38.48,12.64
sm_WT_F88K,OFF_T_G17,100,0.38,0.0,5.3645000000000005,16.8797,9.4438,44.1,16.39
sm_WT_F88K,S1_G17,100,0.71,0.42,4.0587,6.9971000000000005,6.5188999999999995,40.32,13.27
sm_WT_F88R,OFF_T_G17,100,0.4,0.0,5.329199999999999,16.958399999999997,13.441299999999998,41.35,15.6
sm_WT_F88R,S1_G17,100,0.9,0.53,3.1542000000000003,7.3608,9.984200000000001,41.25,12.95
sm_WT_F88W,OFF_T_G17,100,0.2,0.0,6.3874,19.215899999999998,21.1002,33.37,12.97
sm_WT_F88W,S1_G17,100,0.6,0.13,4.5187,11.9628,16.0256,40.97,13.91
sm_WT_F88Y,OFF_T_G17,100,0.27,0.0,6.0162,19.0851,14.814300000000001,37.21,14.31
sm_WT_F88Y,S1_G17,100,0.7,0.22,3.9189999999999996,10.638499999999999,13.521399999999998,39.75,14.07
w_HQL2,OFF_T_G17,100,0.68,0.0,3.9003,12.4053,30.976,33.06,11.97
w_HQL2,S1_G17,100,0.81,0.72,3.58,5.808400000000001,3.6238,40.67,13.0
w_HQL2_M255I,OFF_T_G17,100,0.75,0.0,3.699,12.3314,32.4576,32.86,12.22
w_HQL2_M255I,S1_G17,100,0.75,0.64,3.9132,6.7554,3.5589,39.27,13.39
w_RDP2,OFF_T_G17,100,0.55,0.0,5.0138,14.2488,10.7008,34.56,14.33
w_RDP2,S1_G17,100,0.83,0.02,3.0438,14.5043,31.620700000000003,35.17,12.24
w_RD_POS,OFF_T_G17,100,0.5,0.0,6.056799999999999,13.6855,9.9345,33.17,14.7
w_RD_POS,S1_G17,100,0.51,0.02,5.3173,11.015699999999999,11.0901,32.64,13.92
w_TrackF_r1,OFF_T_G17,100,0.62,0.0,4.4625,13.1572,34.7242,28.45,10.84
w_TrackF_r1,S1_G17,100,0.91,0.59,3.1214,6.3883,10.6626,40.31,13.1
w_TrackF_r1_M255I,OFF_T_G17,100,0.65,0.0,4.2753,12.8371,34.7929,28.99,11.22
w_TrackF_r1_M255I,S1_G17,100,0.85,0.49,3.4507999999999996,7.4194,13.456,40.24,13.69
w_WT,OFF_T_G17,100,0.42,0.0,5.646,17.3648,11.091099999999999,39.93,15.2
w_WT,S1_G17,100,0.78,0.11,3.653,12.4255,13.5457,39.57,12.81
w_s13_c1,OFF_T_G17,100,0.23,0.0,6.723400000000001,15.581600000000002,32.363,28.81,11.74
w_s13_c1,S1_G17,100,0.73,0.47,3.9783,8.9274,10.8068,40.3,14.02
