n_mut,n_out53,lock_mut,anchor_mut,cat_mut,charge_anchor,charge_total,z,rh66,m255,y217,r253mut,anchor_state,cond,nt10,nt17,nt23,system,sep,is_n100,pred_GBM,pred_Ridge
18.0,15.0,1.0,2.0,0.0,-1.0,-2.5,-0.8876928091049194,F,A,Y,R,G_K_R,S1_G17,G,G,T,F88F_M255A_Y217Y,0.23000000000000004,1,0.10805424373241374,0.28682677254395644
18.0,15.0,1.0,2.0,0.0,-1.0,-2.5,-0.8876928091049194,F,I,Y,R,G_K_R,S1_G17,G,G,T,F88F_M255I_Y217Y,0.26999999999999996,1,0.16347600932978526,0.3020244805943838
18.0,15.0,1.0,2.0,0.0,-1.0,-1.5,-0.8876928091049194,F,K,Y,R,G_K_R,S1_G17,G,G,T,F88F_M255K_Y217Y,0.27999999999999997,1,0.385705526192471,0.27708222264626564
17.0,15.0,0.0,2.0,0.0,-1.0,-2.5,-0.8876928091049194,F,M,Y,R,G_K_R,S1_G17,G,G,T,F88F_M255M_Y217Y,0.16999999999999998,1,0.22931870032138207,0.3459890216702912
19.0,15.0,1.0,2.0,0.0,-1.0,-1.5,-0.8827316761016846,K,A,Y,R,G_K_R,S1_G17,G,G,T,F88K_M255A_Y217Y,0.41,1,0.33177131412215477,0.29224981573118614
19.0,15.0,1.0,2.0,0.0,-1.0,-1.5,-0.8827316761016846,K,I,Y,R,G_K_R,S1_G17,G,G,T,F88K_M255I_Y217Y,0.52,1,0.37752750339276836,0.29267701091664805
19.0,15.0,1.0,2.0,0.0,-1.0,-0.5,-0.8827316761016846,K,K,Y,R,G_K_R,S1_G17,G,G,T,F88K_M255K_Y217Y,0.34,1,0.34841115666621736,0.29141444063422073
19.0,15.0,1.0,2.0,0.0,-1.0,-1.5,-0.8827316761016846,K,M,F,R,G_K_R,S1_G17,G,G,T,F88K_M255M_Y217F,0.17,1,0.37844281616018205,0.31608898174634414
19.0,15.0,1.0,2.0,0.0,-1.0,-0.5,-0.8827316761016846,K,M,R,R,G_K_R,S1_G17,G,G,T,F88K_M255M_Y217R,0.34,1,0.3373899736026907,0.22485587985535843
18.0,15.0,0.0,2.0,0.0,-1.0,-1.5,-0.8827316761016846,K,M,Y,R,G_K_R,S1_G17,G,G,T,F88K_M255M_Y217Y,0.52,1,0.3787089584690447,0.332179248731049
19.0,15.0,1.0,2.0,0.0,-1.0,-1.5,-0.8827168941497803,R,A,Y,R,G_K_R,S1_G17,G,G,T,F88R_M255A_Y217Y,0.38,1,0.348803785297631,0.34564201967187863
19.0,15.0,1.0,2.0,0.0,-1.0,-1.5,-0.8827168941497803,R,I,Y,R,G_K_R,S1_G17,G,G,T,F88R_M255I_Y217Y,0.58,1,0.36463389435669213,0.31849230123500133
19.0,15.0,1.0,2.0,0.0,-1.0,-0.5,-0.8827168941497803,R,K,Y,R,G_K_R,S1_G17,G,G,T,F88R_M255K_Y217Y,0.4,1,0.344271780564045,0.33348060548812697
18.0,15.0,0.0,2.0,0.0,-1.0,-1.5,-0.8827168941497803,R,M,Y,R,G_K_R,S1_G17,G,G,T,F88R_M255M_Y217Y,0.5,1,0.46388364255374287,0.37825215513064203
19.0,15.0,1.0,2.0,0.0,-1.0,-2.5,-0.882717490196228,W,A,Y,R,G_K_R,S1_G17,G,G,T,F88W_M255A_Y217Y,0.14,1,0.07368396830729265,0.21203140755058203
19.0,15.0,1.0,2.0,0.0,-1.0,-2.5,-0.882717490196228,W,I,Y,R,G_K_R,S1_G17,G,G,T,F88W_M255I_Y217Y,0.14000000000000007,1,0.15719377279906147,0.23554617834823136
19.0,15.0,1.0,2.0,0.0,-1.0,-1.5,-0.882717490196228,W,K,Y,R,G_K_R,S1_G17,G,G,T,F88W_M255K_Y217Y,0.25,1,0.3208726426413374,0.17814500151967638
18.0,15.0,0.0,2.0,0.0,-1.0,-2.5,-0.882717490196228,W,M,Y,R,G_K_R,S1_G17,G,G,T,F88W_M255M_Y217Y,0.10000000000000003,1,0.2512944531222641,0.2825528724879137
19.0,15.0,1.0,2.0,0.0,-1.0,-2.5,-0.882706880569458,Y,A,Y,R,G_K_R,S1_G17,G,G,T,F88Y_M255A_Y217Y,0.08000000000000007,1,0.15021017822854224,0.33449842117864914
19.0,15.0,1.0,2.0,0.0,-1.0,-2.5,-0.882706880569458,Y,I,Y,R,G_K_R,S1_G17,G,G,T,F88Y_M255I_Y217Y,0.23999999999999994,1,0.1404221927846545,0.33310121619520106
19.0,15.0,1.0,2.0,0.0,-1.0,-1.5,-0.882706880569458,Y,K,Y,R,G_K_R,S1_G17,G,G,T,F88Y_M255K_Y217Y,0.23000000000000004,1,0.35423027322479766,0.31140136656910744
18.0,15.0,0.0,2.0,0.0,-1.0,-2.5,-0.882706880569458,Y,M,Y,R,G_K_R,S1_G17,G,G,T,F88Y_M255M_Y217Y,0.27999999999999997,1,0.2572266095140026,0.36180822560517867
0.0,0.0,0.0,0.0,0.0,0.0,0.0,-0.0556890293955802,F,M,Y,R,R_R_R,S1_G17,G,G,T,F88Y_Y170F,0.35,0,0.24489752514473118,0.24429299036822485
9.0,8.0,0.0,0.0,0.0,0.0,2.5,-0.6612114906311035,K,M,Y,R,R_R_R,S1_G17,G,G,T,HQL2,0.13,1,0.3554735427904212,0.31459155747051337
10.0,8.0,1.0,0.0,0.0,0.0,2.5,-0.6612114906311035,K,I,Y,R,R_R_R,S1_G17,G,G,T,HQL2_M255I,0.0,1,-0.03286467379395588,0.3283166261198752
0.0,0.0,0.0,0.0,0.0,0.0,0.0,-0.0556890293955802,F,M,Y,R,R_R_R,S1_G17,G,G,T,K216R,0.44999999999999996,0,0.22959610788821538,0.23488471517646764
0.0,0.0,0.0,0.0,0.0,0.0,0.0,-0.0556890293955802,F,M,Y,R,R_R_R,S1_G17,G,G,T,K216R_Q120V,0.4,0,0.2395137381949555,0.23958885277234615
0.0,0.0,0.0,0.0,0.0,0.0,0.0,-0.0556890293955802,F,M,Y,R,R_R_R,S1_G17,G,G,T,K216R_Q120V_F88Y_Y170F,0.050000000000000044,0,0.28160839918017677,0.2725178159434955
0.0,0.0,0.0,0.0,0.0,0.0,0.0,-0.0556890293955802,F,M,Y,R,R_R_R,S1_G17,G,G,T,K216R_Y170F_Q120V,0.20000000000000007,0,0.2618733023504557,0.25840540315585997
0.0,0.0,0.0,0.0,0.0,0.0,0.0,-0.0556890293955802,F,M,Y,R,R_R_R,S1_G17,G,G,T,Q120V,0.44999999999999996,0,0.22959610788821538,0.2348847151764676
0.0,0.0,0.0,0.0,0.0,0.0,0.0,-0.0556890293955802,F,M,Y,R,R_R_R,S1_G17,G,G,T,R85A_R207A_R267A,0.15000000000000002,0,0.2705335500266972,0.26310954075173854
14.0,11.0,2.0,0.0,0.0,0.0,8.0,-0.9729664325714112,R,K,R,R,R_R_R,S1_G17,G,G,T,RDP2,0.2799999999999999,1,0.06438346331572534,0.16257142642201208
6.0,3.0,2.0,0.0,0.0,0.0,6.0,-0.7988406419754028,R,K,R,R,R_R_R,S1_G17,G,G,T,RD_POS,0.010000000000000009,1,0.16102221836862227,0.27635562477662784
15.0,13.0,0.0,1.0,0.0,0.0,1.5,-0.6612114906311035,K,M,Y,R,R_K_R,S1_G17,G,G,T,TrackF_r1,0.29000000000000004,1,0.15382194684804093,0.27590478140514324
16.0,13.0,1.0,1.0,0.0,0.0,1.5,-0.6612114906311035,K,I,Y,R,R_K_R,S1_G17,G,G,T,TrackF_r1_M255I,0.19999999999999996,1,0.2146797327714797,0.2808054839188491
0.0,0.0,0.0,0.0,0.0,0.0,0.0,-0.0556890293955802,F,M,Y,R,R_R_R,S1_G17,G,G,T,WT,0.36000000000000004,1,0.24367688847564142,0.2433521628490491
0.0,0.0,0.0,0.0,0.0,0.0,0.0,-0.0556890293955802,F,M,Y,R,R_R_R,S1_G17,G,G,T,Y170F,-0.04999999999999993,0,0.2976940142285559,0.2819260911352525
12.0,11.0,1.0,0.0,0.0,0.0,4.5,-0.8957902193069458,F,Q,Y,R,R_R_R,S1_G17,G,G,T,e1,0.35000000000000003,0,0.06448788107488092,0.15165152738019141
12.0,11.0,0.0,0.0,0.0,0.0,3.0,-0.7685083150863647,N,M,Y,R,R_R_R,S1_G17,G,G,T,e10,0.15000000000000002,0,0.4368560523468849,0.34232389902255334
12.0,11.0,1.0,0.0,0.0,0.0,2.0,-0.9922469854354858,F,N,Y,R,R_R_R,S1_G17,G,G,T,e11,-0.25,0,0.07916264455485471,0.19376180985351532
12.0,11.0,1.0,0.0,0.0,0.0,2.0,-0.9923585653305054,F,N,Y,R,R_R_R,S1_G17,G,G,T,e12,-0.15000000000000002,0,0.03429196612909321,0.1822119838699393
12.0,11.0,0.0,0.0,0.0,0.0,3.0,-0.7683135271072388,N,M,Y,R,R_R_R,S1_G17,G,G,T,e13,0.45,0,0.3262775674400905,0.3124042459320583
12.0,11.0,0.0,0.0,0.0,0.0,3.0,-0.7682898044586182,N,M,Y,R,R_R_R,S1_G17,G,G,T,e14,0.35000000000000003,0,0.3299553008680735,0.32237701331348156
12.0,10.0,1.0,0.0,0.0,0.0,1.0,-0.9826756715774536,N,N,Y,R,R_R_R,S1_G17,G,G,T,e15,0.45000000000000007,0,0.20708143880165594,0.1288686673077701
12.0,11.0,1.0,0.0,0.0,0.0,0.0,-0.9928479194641112,F,N,Y,R,R_R_R,S1_G17,G,G,T,e16,0.19999999999999996,0,0.3882963136909208,0.14426128097245325
12.0,11.0,1.0,0.0,0.0,0.0,2.0,-0.9550981521606444,F,N,Y,R,R_R_R,S1_G17,G,G,T,e17,0.09999999999999998,0,-0.002374902133531324,0.1531088071930703
12.0,10.0,1.0,0.0,0.0,0.0,1.5,-0.9825820922851562,Y,H,Y,R,R_R_R,S1_G17,G,G,T,e18,0.625,0,0.3583057482772579,0.2797249229212525
12.0,11.0,1.0,0.0,0.0,0.0,2.5,-0.9550981521606444,F,N,Y,R,R_R_R,S1_G17,G,G,T,e19,0.15,0,0.06275888129743287,0.14669307799939188
12.0,11.0,1.0,0.0,0.0,0.0,4.5,-0.83670973777771,F,Q,Y,R,R_R_R,S1_G17,G,G,T,e2,0.0,0,0.2059764961911514,0.24580407829813722
12.0,10.0,1.0,0.0,0.0,0.0,1.5,-0.9826756715774536,N,H,Y,R,R_R_R,S1_G17,G,G,T,e20,0.14999999999999997,0,0.4081673190370028,0.7084345731662922
12.0,10.0,1.0,0.0,0.0,0.0,1.0,-0.9427057504653932,N,N,Y,R,R_R_R,S1_G17,G,G,T,e21,0.2,0,0.5130278711200303,0.19253248997376748
12.0,10.0,1.0,0.0,0.0,0.0,1.5,-0.9825822114944458,Y,H,Y,R,R_R_R,S1_G17,G,G,T,e22,0.5,0,0.38837486118144926,0.3061639202813814
12.0,10.0,1.0,0.0,0.0,0.0,1.5,-0.9825822114944458,Y,H,Y,R,R_R_R,S1_G17,G,G,T,e23,0.39999999999999997,0,0.4173196086320675,0.3273151190955643
12.0,10.0,1.0,0.0,0.0,0.0,1.5,-0.9825648069381714,S,H,Y,R,R_R_R,S1_G17,G,G,T,e24,0.4,0,0.4173196086320675,0.3179639663657622
12.0,11.0,0.0,0.0,0.0,0.0,2.5,-0.8214524984359741,Q,M,Y,R,R_R_R,S1_G17,G,G,T,e3,0.5625,0,0.3490615861489232,0.40000290235177094
12.0,10.0,1.0,1.0,0.0,-0.5,1.0,-0.790898323059082,F,Q,Y,R,R_H_R,S1_G17,G,G,T,e4,0.09999999999999998,0,0.4001615327113714,0.37743955819665614
12.0,10.0,1.0,1.0,0.0,-0.5,1.0,-0.7909189462661743,F,Q,Y,R,R_H_R,S1_G17,G,G,T,e5,0.44999999999999996,0,0.1350164650908156,0.13456425175183284
12.0,11.0,1.0,0.0,0.0,0.0,5.0,-0.836727499961853,F,Q,Y,R,R_R_R,S1_G17,G,G,T,e6,0.15000000000000002,0,0.115166688639661,0.21665439180042542
12.0,11.0,0.0,0.0,0.0,0.0,3.0,-0.7682914733886719,N,M,Y,R,R_R_R,S1_G17,G,G,T,e7,0.30000000000000004,0,0.3571683806917902,0.3273634048691919
12.0,11.0,0.0,0.0,0.0,0.0,3.0,-0.7683732509613037,N,M,Y,R,R_R_R,S1_G17,G,G,T,e8,0.5,0,0.3549179781079969,0.3074177902217112
12.0,11.0,0.0,0.0,0.0,0.0,3.0,-0.7685083150863647,N,M,Y,R,R_R_R,S1_G17,G,G,T,e9,0.45,0,0.35458574558138595,0.3124042871800821
19.0,15.0,1.0,2.0,0.0,-1.0,-1.5,-0.8827316761016846,K,I,Y,R,G_K_R,S1_G17,G,G,T,s13_c1,0.5,1,0.37837338718984054,0.2953965453956351
12.0,11.0,0.0,0.0,0.0,0.0,3.5,-0.8214693069458008,Q,M,Y,R,R_R_R,S1_G17,G,G,T,w4,0.6000000000000001,0,0.4661872034938666,0.3823219040185077
