rank,fitness,muts,n_mut,ddg_pred,gate_pass,anchor_violation,fitness_stab
1,16.763,0R;62K;66Y;106Y;109N;143K;163Q;186Q;188S;233Y;234Q;243N,12,-0.29,True,0,16.821
2,16.478,0R;62H;66Y;106Y;109N;143K;163Q;186Q;188S;233Y;234Q;243N,12,-0.29,True,0,16.536
3,16.478,0R;62H;66Y;106Y;109N;143K;163Q;186Q;188Q;233Y;234Q;243N,12,-0.29,True,0,16.536
4,16.478,0R;62H;66Y;106Y;109N;143K;163G;186Q;188S;233Y;234Q;243N,12,-0.29,True,0,16.536
5,16.478,0R;62H;66Y;106Y;109N;143K;163T;186Q;188S;233Y;234Q;243N,12,-0.29,True,0,16.536
6,16.478,0R;62H;66Y;106Y;109N;143K;163R;186Q;188S;233Y;234Q;243N,12,-0.29,True,0,16.536
7,16.478,0R;62H;66Y;106Y;109N;143K;163W;186Q;188S;233Y;234Q;243N,12,-0.29,True,0,16.536
8,16.36,0R;62H;66Y;106Y;109N;143K;163Q;186Q;188H;233Y;234Q;243N,12,-0.29,True,0,16.417
9,16.36,0R;62H;66Y;106Y;109N;143K;163Q;186H;188S;233Y;234Q;243N,12,-0.29,True,0,16.417
10,16.36,0R;62H;66Y;106Y;109N;143K;163Q;186T;188S;233Y;234Q;243N,12,-0.29,True,0,16.417
11,16.357,0R;62K;66Y;106Y;109N;143K;163Q;186R;188S;233Y;234Q;243N,12,-0.29,True,0,16.415
12,16.374,0R;62H;66Y;106Y;109N;143K;163Q;186Q;188S;233Y;234Q;243S,12,0.0,True,0,16.374
13,16.227,0R;62H;66Y;106Y;109N;143K;163Q;186Q;188Y;233Y;234Q;243N,12,-0.29,True,0,16.284
14,16.193,0R;62H;66Y;106Y;109N;143H;163Q;186Q;188S;233Y;234Q;243N,12,-0.29,True,0,16.251
15,16.19,0R;62T;66Y;106Y;109N;143K;163Q;186Q;188S;233Y;234Q;243N,12,-0.29,True,0,16.248
16,16.163,0R;62K;66Y;106Y;109N;143K;163Q;186Q;188S;233Y;234H;243N,12,-0.29,True,0,16.22
17,16.072,0R;62H;66Y;106Y;109N;143K;163Q;186K;188S;233Y;234Q;243N,12,-0.29,True,0,16.129
18,15.996,0R;62H;66Y;106Y;109N;143K;163Q;186Q;188S;233Y;234S;243N,12,-0.29,True,0,16.053
19,15.963,0T;62K;66Y;106Y;109N;143K;163Q;186Q;188S;233Y;234Q;243N,12,-0.29,True,0,16.021
20,15.891,0R;62H;66Y;106Y;109N;143K;163K;186D;188S;233Y;234Q;243N,12,-0.29,True,0,15.948
21,16.031,0R;62H;66Y;106Y;109N;143K;163Q;186Q;188S;233Y;234N;243N,12,0.43,True,0,15.945
22,15.892,0R;62H;66Y;106Y;109N;143K;163Q;186Q;188S;233Y;234Q;243Q,12,0.0,True,0,15.892
23,15.915,0R;60Y;62H;66Y;106Y;109Q;113Y;143R;186N;188Y;197W;234Q,12,0.59,True,0,15.797
24,15.626,0R;60F;62K;66Y;109N;143K;164Y;188N;194Q;196F;234S;245N,12,0.0,True,0,15.626
25,15.576,0R;62K;66Y;106Y;113Y;143R;162W;164Q;185N;188N;234S;243S,12,0.0,True,0,15.576
26,15.889,0R;62H;66Y;106N;109N;143K;163Q;186Q;188Q;233Y;234Q;243N,12,1.71,True,0,15.546
27,15.379,0R;62K;98F;106Y;109N;143K;162W;164H;186S;231S;234Q;243S,12,0.19,True,0,15.341
28,15.137,0R;62K;106Y;109N;143R;151I;162M;164H;188N;231S;234Q;243S,12,0.0,True,0,15.137
29,15.08,0R;62H;66Y;106Y;113Y;143R;186N;188Y;228K;233F;234Q;243S,12,0.0,True,0,15.08
30,14.589,0R;60Y;62K;66Y;109Q;164H;188N;194Q;196F;232S;234Q;245N,12,0.59,True,0,14.472
31,14.559,0R;62K;66Y;106Y;113Y;143R;149Y;186N;188S;197W;228K;234N,12,0.72,True,0,14.415
32,14.68,0R;60F;62K;66Y;109Q;143H;146F;186N;188T;194Q;196F;234Q,12,1.62,True,0,14.357
33,13.766,0K;60Y;62K;66Y;109Q;142R;143K;188N;194Q;196F;229R;234S,12,1.91,True,0,13.383
34,0.0,,0,0.0,True,0,0.0
